Soiltype,Landuse,Pt ,Pi ,Po ,PAAE,Polsen ,PDS,E1min ,elevation,slope,graddist,slopelength,midsolpos,curvature,plancurv,profcurv,stdheight,normheight,twi,vtr,tri
H3,TA,1033.32,550.65,482.67,40.2,34.09,0.656,6,633.48999,10.229643,102.426399,710.330017,0.9088,-0.003,-0.0003,-0.0027,437.7984,0.0456,11.471799,0.005299,1.2178
H1,TA,1172.84,688.03,484.81,189.2,58.34,2.546,16.03,561.359985,17.070093,162.055801,21.213199,0.3693,-0.005299,-0.0023,-0.003,519.446411,0.684599,8.2451,0.004699,1.9141
H5,TA,806.6,451.95,354.65,68.9,39.02,2.124,7.14,527.25,12.053125,129.086395,30,0.494899,0.000099,0.000699,-0.0005,502.298706,0.7475,8.8196,0.000099,1.32
H3,PP,876.36,361.97,514.39,68.6,32.73,1.468,10.92,595.179992,12.978789,57.426399,21.213199,0.1544,0.0024,0.001099,0.001399,524.686279,0.577199,8.6582,0.0051,1.479099
H6,TA,981,433.15,547.85,67.9,36.48,0.64,4.76,834.520019,11.710228,81.195602,15,0.699599,0.000199,0.000399,-0.000199,773.531127,0.849799,9.109199,0.0006,1.254799
H3,TA,780.44,363.25,417.19,53.4,37.54,1.39,22.99,586.919982,1.225004,249.852798,0,0.1981,0.002099,0.000699,0.001399,491.991912,0.400999,9.635299,0.000199,0.1787
H5,PP,1451.88,992.23,459.65,144.6,85.45,1.015,11.29,648.109985,5.245397,98.610198,0,0.2955,0.0015,0.0005,0.001,505.830291,0.352299,10.7819,0.0013,0.5198
H6,TA,876.36,379.93,496.43,59,33.37,0.859,3.76,638.98999,6.619871,30,111.213203,0.0775,-0.0026,-0.0005,-0.002099,541.875183,0.538699,10.380499,0.0003,0.744799
H3,TA,815.32,408.27,407.05,43.5,43.39,0.703,7.97,767.820007,9.736865,162.1091,21.213199,0.146899,-0.0027,-0.0005,-0.002199,623.064575,0.573499,9.8569,0.0013,1.044899
H4,TA,950.48,564.79,385.69,57,52.39,1.312,10.15,652.659973,8.226921,102.426399,108.639602,0.5289,-0.003199,-0.000699,-0.002499,481.264801,0.235599,10.124799,0.003199,0.900099
H5,TA,985.36,521.07,464.29,70.6,41.57,1.453,8.51,595.21997,5.400607,132.426406,15,0.409599,-0.0041,-0.0012,-0.002899,477.681304,0.295199,9.769399,0.000099,0.662899
H4,TA,989.72,395.57,594.15,61.5,36.33,2.093,11.61,637.049987,1.645672,211.065994,0,0.813499,-0.000099,0.000199,-0.000399,447.901397,0.093199,10.1513,0,0.1787
H6,TA,976.64,520.18,456.46,82.2,54.97,1.999,11.72,747.25,16.123773,88.951301,51.213199,0.4677,-0.007799,-0.006099,-0.0017,662.398925,0.733799,10.096099,0.001099,1.9327
H6,TA,972.4,564.11,408.29,87,52.65,1.312,12.8,765.460021,9.856345,88.712997,162.426406,0.0806,0.002099,0.000199,0.002,583.376586,0.459699,10.945799,0.0006,1.013299
H6,TA,645.28,321.1,324.18,67.1,26.37,2.734,9.48,547.890014,14.817738,72.770599,63.639598,0.377499,-0.000899,-0.000699,-0.000199,465.626098,0.3113,10.9951,0.004699,1.455399
H3,TA,858.92,507.5,351.43,131.8,46.37,4.858,17.01,532.059997,4.997766,140.459594,1240.035644,0.756299,-0.001099,-0.000799,-0.0003,441.076995,0.121899,14.0253,0.0012,0.5471
F4,TA,832.76,489.19,343.57,22.9,16.6,0.547,3.74,438.649993,0.264843,168.639602,21.213199,0.734,0.0003,0.000199,0.000099,429.806884,0.133,12.145899,0,0.0684
F4,TA,640.92,322.39,318.53,42.5,25.17,1.25,15.26,450.779998,2.367018,247.279205,0,0.161799,0.0012,0.000899,0.0003,437.80841,0.419099,9.0036,0.000199,0.257299
J1,PP,1242.6,764.68,477.92,188.5,67.59,6.857,21.77,461.869995,3.059581,108.639602,0,0.2987,0.007199,0.003199,0.004,450.151489,0.649399,9.5837,0.000899,0.4695
H6,TA,506,266.34,239.66,7.8,7.77,0.219,1.61,468.679992,10.73869,56.544998,75,0.220599,-0.0017,-0.0013,-0.000399,453.001892,0.6103,9.6154,0.000099,1.1667
H6,TA,976.64,405.38,571.26,52.1,35.6,1.312,10.11,682.849975,6.257936,183.639602,948.822387,0.813799,0.001,0.0003,0.000699,452.13449,0.093099,12.1772,0.0003,0.524699
G3,TA,824.04,538.25,285.79,111.8,56.95,4.655,19.53,469.390014,0.487896,104.008796,0,0.5967,0.000199,0.0006,-0.000399,461.135406,0.798399,10.9075,0,0.084399
H3,TA,1081.28,668.26,413.02,121.7,48.43,2.687,17.86,660.020019,4.196691,395.771606,0,0.359699,0,0.000799,-0.000699,502.588714,0.320199,8.764499,0.0006,0.483
K2,PP,972.28,300.13,672.15,27.4,22.3,0.984,3.57,965.270019,6.282047,128.4319,0,0.699299,-0.001599,0.000399,-0.002,884.567016,0.849699,9.6807,0.0017,0.638599
H1,TA,893.8,489.75,404.05,62,30.91,0.672,4.63,736.549987,12.180004,156.232299,166.065994,0.2377,-0.000399,0.0005,-0.000899,545.875122,0.381099,10.0893,0.001099,1.397699
H5,TA,684.52,369.04,315.48,46.5,37.23,1.047,7.05,568.169982,5.357234,217.279205,205.918899,0.298099,-0.000799,0.000399,-0.001099,477.482391,0.350899,10.383299,0.001,0.611199
G3,TA,819.68,442.21,377.47,172.8,49.29,8.778,21.36,486.059997,7.716942,190.690002,199.705703,0.216,0.000399,0.0005,-0.000099,451.033508,0.391999,10.1371,0.002,0.8449
H6,TA,640.92,312.27,328.65,40.6,38.79,1.218,9.71,634.780029,7.252311,119.6343,0,0.824699,0.0048,0.002499,0.0023,616.696899,0.9124,9.636599,0.0023,0.7939
J1,TA,540.64,324.37,216.27,26.1,17.74,0.656,4.95,475.140014,3.460218,208.492401,258.639587,0.778299,0.001,0.000699,0.0003,433.626098,0.110899,13.0078,0.000099,0.3526
H6,TA,1225.16,429.47,795.69,62.8,32.58,1.5,10.85,753.98999,7.671362,57.426399,93.639602,0.6434,-0.0012,-0.000899,-0.0003,486.496887,0.178299,9.8231,0.001099,0.832899
S8,PP,1308,665.01,642.99,16.6,22.63,0.64,2.78,906.010009,3.235919,95.255096,515.771606,0.817099,-0.006,-0.0038,-0.002199,472.125091,0.091499,13.278599,0.000199,0.500199
H6,PP,872,132.47,739.53,20.3,28.08,0.391,3.5,921.460021,27.8085,35.9384,30,0.3303,0.004199,-0.000899,0.0051,756.381469,0.665199,8.7529,0.033799,3.013099
H6,TA,1245.2,824.26,420.94,146.7,75.89,2.609,25.88,684.609985,6.504716,117.512298,60,0.844799,0.000899,0,0.000899,664.72821,0.922399,9.7143,0.002099,0.724699
F4,TA,994.08,364.02,630.06,265.1,74.81,8.372,23.79,444.579986,5.080291,374.55841,21.213199,0.606199,-0.0015,-0.001,-0.0005,431.626403,0.196899,12.670499,0.000899,0.486099
H6,TA,1207.72,701.2,506.52,116.8,60.73,2.359,17.63,735.869995,3.770318,30,21.213199,0.124899,-0.0038,-0.003,-0.000799,601.363281,0.5625,10.121,0.000699,0.483
H4,TA,1146.68,648.46,498.23,39.4,35.33,1.062,10.85,714.710021,0.987742,172.279205,15,0.9153,-0.0006,-0.000199,-0.000399,440.571899,0.0423,13.5443,0,0.115999
H4,PP,1281.84,565.14,716.7,72.6,32.96,1.156,8.9,835.619995,2.298715,189.852798,0,0.0868,0.0005,-0.000199,0.000699,649.700073,0.543399,8.909299,0.000199,0.291099
R2,TA,1203.36,355.5,847.86,29,23.07,0.594,5.03,745.549987,1.944307,21.213199,0,0.560599,-0.0023,0.000099,-0.0024,498.119903,0.219699,11.6469,0.0015,0.1888
O1,TA,1207.72,654.01,553.71,105.5,73.67,1.718,15.71,825.150024,3.243062,217.656997,138.639602,0.2606,-0.002,-0.001099,-0.000899,678.486999,0.630299,12.097599,0.0005,0.3734
O2,PP,1216.44,384.35,832.09,35.1,23.08,0.734,9.81,839.599975,11.225223,62.960399,184.705596,0.456499,-0.003199,-0.0037,0.0005,727.87207,0.728299,10.1604,0.002499,1.164499
U4,PP,1552.16,447.54,1104.62,20.3,32.01,0.922,11.67,754.789978,20.324218,66.837898,148.492401,0.927799,0.0012,0.001599,-0.000399,440.22879,0.0361,11.605199,0.0086,2.1791
U5,ALP,898.16,178.12,720.04,6.8,12.64,0.453,2.85,1356.21997,41.61277,28.178499,148.492401,0.2072,-0.018699,-0.008,-0.010599,988.43988,0.6036,8.869999,0.0408,4.585199
H5,PP,1103.08,433.52,669.56,62.9,33.49,1.546,11.36,839.5,6.118157,133.466094,0,0.3973,0.0051,0.003899,0.0013,715.620971,0.698599,8.477299,0.002099,0.772599
H5,TA,592.96,301.24,291.72,39.3,21.85,0.843,6.06,496.309997,2.429987,355.918792,0,0.6757,0,0.000199,-0.000199,485.306884,0.837899,11.431799,0.0003,0.223299
H3,PP,1164.12,424.74,739.38,36.4,27.93,1.14,7.66,838.109985,2.208807,,,,,,,,,,,
H5,TA,828.4,500.57,327.83,66.2,44.1,2.312,12.72,504.260009,2.239101,145.642593,0,0.709299,-0.0019,-0.0017,-0.0003,493.240692,0.8546,9.1728,0.000199,0.360599
H6,PP,1098.72,418.63,680.09,37.4,37.71,0.75,5.74,818.030029,10.475444,128.073501,0,0.046199,0.009399,0.0031,0.0063,614.248474,0.4769,8.633299,0.001,1.314299
H6,PP,1395.2,624.05,771.15,126.6,59.82,3.358,28.11,809.809997,4.20653,192.7135,136.065994,0.6901,-0.001099,-0.000399,-0.000799,487.541809,0.155,11.9566,0.0003,0.4038
H5,TA,658.36,365.87,292.49,72,38.4,2.78,13.18,487.079986,1.782377,328.237792,681.837585,0.1817,-0.0013,-0.0012,-0.000099,452.438812,0.4092,13.796299,0.000099,0.225999
S4,ALP,576.4,179.52,396.88,20.2,19.11,0.422,2.03,1344.569946,41.771972,26.267299,15,0.669499,0.012299,0.0096,0.0027,1193.192382,0.8348,7.327499,0.067699,5.007299
H6,PP,2140.76,946.23,1194.53,154.1,87.41,4.186,39.45,764.179992,3.325177,308.698211,127.279197,0.4365,-0.000199,0.0003,-0.0005,523.048583,0.2818,12.796799,0.0003,0.3603
J1,PP,1024.6,504.59,520.01,11.8,26.71,0.828,6.82,715.599975,3.749398,183.639602,0,0.586799,0.0026,0.0006,0.002,487.773101,0.206599,11.3387,0.000099,0.4253
S4,ALP,1246.96,357.49,889.48,50,31.23,0.687,9.73,1419.819946,15.4286,81.667297,0,0.023199,0.017899,0.0109,0.007,912.651672,0.4884,7.9948,0.009399,2.2019
S6,PP,1098.72,392.6,706.12,40.3,39.65,2.156,23.45,873.119995,8.910195,259.410186,36.213199,0.745599,0.001599,-0.000799,0.0024,485.008789,0.1272,9.152,0.0034,1.025099
S4,ALP,1111.8,432.96,678.84,35.6,27.14,0.781,7.39,1107,15.161543,51.2695,0,0.4844,0.008399,0.004999,0.003299,603.38977,0.2578,9.284299,0.007199,1.7265
H6,TA,976.8,677.41,299.39,121.2,43.36,3.186,13.54,513.780029,2.111057,407.131988,0,0.470699,0.000699,0.000199,0.0005,451.034088,0.264699,10.4924,0.000199,0.266799
H6,TA,780.44,558.03,222.41,103.9,51.76,2.702,19.44,648.690002,15.980078,70.792098,15,0.4918,-0.000399,0.000899,-0.0013,592.728271,0.745899,8.7719,0.0109,1.748299
H6,TA,858.92,547.72,311.2,213.1,64.4,4.998,24,608.809997,8.462901,153.458694,21.213199,0.773299,0.001399,0.0012,0.000199,588.36737,0.886699,8.927399,0.0017,0.7598
H5,TA,728.12,464.47,263.65,135,36.46,3.093,12.34,469.880004,3.913107,114.852798,99.852798,0.2509,-0.0012,-0.0005,-0.0006,454.363098,0.6255,11.5143,0.0006,0.432399
H3,TA,527.56,298.64,228.92,27.3,20.26,0.734,5.25,488.290008,13.686598,162.426406,313.492492,0.826799,0.005499,0.001099,0.004399,433.6315,0.086599,9.7683,0.0091,1.520799
P8,PP,1164.12,389.85,774.27,46,29.83,1.187,6.95,714.130004,2.083791,116.100502,0,0.4857,0.0141,-0.000399,0.014399,501.918487,0.2572,8.3646,0.003299,1.174299
U6,PP,989.72,302.01,687.71,18.1,22.02,0.703,3.49,1017.080017,15.199677,42.330799,42.426399,0.8626,-0.002099,-0.0005,-0.001599,976.651428,0.931299,8.620599,0.007699,1.4843
H6,TA,800.8,246.68,554.13,14.1,39.24,0.359,2.26,906.919982,6.519912,148.475601,96.213203,0.810699,0.000199,-0.0003,0.0005,861.632812,0.905399,10.563699,0.0003,0.6664
U6,PP,1399.56,463.19,936.37,30,32.67,1.359,12.62,779.72998,8.510712,83.527702,60,0.9548,0.0017,0.002099,-0.0003,436.38449,0.0226,13.3633,0.004499,0.8564
H4,PP,619.12,220.16,398.96,12.2,17.92,0.765,3.31,841.169982,17.228929,49.844799,0,0.4415,0.025499,0.0124,0.0131,543.70227,0.2793,9.497599,0.008799,2.4867
J2,PP,1464.96,601.35,863.62,69.1,38.73,1.484,8.73,711.25,13.237446,123.639602,75,0.631699,-0.0076,-0.0024,-0.005299,480.527496,0.1841,9.6926,0.009899,1.513399
H6,PP,1059.48,401.44,658.04,28.3,21.44,0.781,7.67,790.23999,15.708102,45.762001,0,0.8288,0.008,0.006899,0.001099,759.269104,0.914399,8.120499,0.012699,1.758399
U7,ALP,1024.6,456,568.6,60.4,46.81,1.14,6.95,968.299987,23.713924,43.664398,42.426399,0.902,0.001399,-0.000099,0.0015,941.84552,0.950999,7.939499,0.006699,2.555799
H6,TA,893.2,445.95,447.25,30.8,15.81,0.578,4.41,741.169982,7.371409,116.159797,190.918899,0.0162,0.001399,0.000899,0.0005,582.27008,0.491899,10.6118,0.001,0.8237
H5,TA,976.64,602.03,374.61,114.4,51.66,2.499,18.46,593.880004,2.038386,280.918792,42.426399,0.777499,0.0006,0.000099,0.0005,446.857513,0.111299,10.956,0.000399,0.1799
H5,TA,475.24,224.32,250.92,33.7,23.34,0.937,5.15,470.760009,6.806257,250.356994,42.426399,0.2549,-0.001799,-0.000799,-0.001,454.996704,0.627399,10.0965,0.001399,0.730199
H6,PP,1245.2,465.45,779.75,51.3,40.1,2.593,16.25,812.97998,5.694367,197.663604,60,0.164299,-0.000899,0.001099,-0.002099,589.122619,0.4178,10.206999,0.002099,0.564199
H5,PP,985.36,579.34,406.02,94.5,51.72,1.859,19.77,838.140014,3.776859,75,93.639602,0.177,-0.000099,0.000099,-0.0003,669.549377,0.5885,11.237299,0.0005,0.4555
P3,PP,1177.2,413.71,763.49,47.3,24.46,1.109,4.86,771.609985,9.988525,148.946304,75,0.2151,0.000199,-0.001399,0.0015,636.940673,0.607599,10.096099,0.0043,1.092
U6,PP,1081.28,330.72,750.56,70.2,42.51,1.156,9.01,983.200012,14.79833,76.927497,734.116821,0.7055,-0.0129,-0.0013,-0.011599,510.138,0.1473,11.318099,0.012099,1.955199
H5,TA,1037.68,540.6,497.08,78.5,32.41,1.375,7.48,692.96997,8.132446,45,75,0.903599,-0.007199,0.0003,-0.007499,441.205108,0.0482,9.5635,0.001399,1.0786
H6,TA,1399.56,864.15,535.41,228.6,77.55,4.139,20.59,697.869995,21.389339,64.217597,84.852798,0.188099,-0.0068,-0.0038,-0.003,537.825683,0.405999,8.9749,0.002899,2.3701
U4,ALP,1015.88,189.91,825.97,7.9,17.37,0.656,2.07,1286.650024,49.965785,19.9748,551.543273,0.257499,-0.0034,-0.002,-0.0015,747.071411,0.3713,9.6869,0.0474,5.1061
P6,PP,1069.2,396.61,672.59,33.6,21.71,0.484,3.89,844.190002,15.040008,219.089996,15,0.0474,-0.0024,-0.003299,0.000899,626.471679,0.4763,7.8839,0.009899,1.668699
R2,PP,1139.6,247.65,891.95,11.1,20.45,1.093,8.17,836.71997,1.641508,53.383701,0,0.717199,-0.002199,-0.0012,-0.001,778.992004,0.8586,10.414199,0.003,0.2606
S6,ALP,1174.8,507.76,667.04,34.6,49.42,0.89,9.95,929.669982,14.668182,48.044998,21.213199,0.209299,0.002799,-0.0006,0.0034,626.612609,0.395399,9.729999,0.0073,1.4908
H6,TA,1135.2,498.33,636.87,33.8,28.41,1.468,9.82,683.659973,6.808395,207.313796,891.395996,0.6406,0.003,0.001599,0.001399,474.305908,0.1797,10.593899,0.0026,0.6966
H6,PP,1139.6,345.75,793.85,16.5,25.51,0.453,3.7,776.669982,2.45186,111.028701,0,0.190999,0.002499,0.0013,0.0012,569.30487,0.4045,9.591799,0.0005,0.260199
U1,ALP,1465.2,233.05,1232.15,4.6,15.3,0.625,11.46,1350.839965,19.541845,39.037498,0,0.786,0.007,0.0005,0.0065,527.144104,0.107,11.6203,0.0258,2.522799
H3,PP,1130.8,253.21,877.59,11.8,14.88,0.656,2.74,739.049987,3.138682,157.279205,87.426399,0.606899,-0.001,-0.000799,-0.000199,489.501312,0.1966,10.9301,0.000099,0.357699
H6,TA,871.2,321.24,549.96,24.2,21.75,0.484,2.64,945.849975,13.719874,65.543701,232.279205,0.8187,0.0015,0.002199,-0.000699,898.956726,0.909399,9.004899,0.008899,1.482499
U7,ALP,1733.6,581.16,1152.44,20.7,28.21,1.999,5.19,1494.609985,18.12347,38.449699,0,0.973399,0.011099,0.003599,0.007499,442.623199,0.013299,13.2283,0.023,1.9052
O2,ALP,1060.4,338,722.4,16.3,21.63,1.047,4.6,879.570007,12.500552,45.377101,0,0.628,0.0085,0.004399,0.0041,795.670288,0.814,9.462599,0.007899,1.4211
H6,TA,805.2,409.84,395.36,56.9,41.89,1.39,8.1,962.070007,6.694355,105.639099,212.132095,0.5138,-0.000399,-0.000399,0,558.186096,0.2431,11.148599,0.0017,0.6527
H4,TA,1236.4,497.62,738.78,43.8,38.36,1.656,7.34,790.460021,11.319545,36.213199,163.492401,0.967899,-0.0119,-0.005599,-0.0062,434.258087,0.016,11.944499,0.002899,1.5066
H6,TA,1161.6,520.03,641.57,73.1,44.76,2.234,11.31,720.5,2.17385,198.092605,172.279205,0.7911,-0.0031,-0.0012,-0.001799,458.952301,0.1044,14.7487,0.000199,0.337099
H5,PP,1883.2,1103.57,779.63,280.7,98.72,9.263,41.18,690.97998,11.584045,232.279205,337.279205,0.680199,-0.0024,-0.004499,0.002099,470.430603,0.159899,12.3217,0.001399,1.2745
H5,TA,853.6,464.84,388.76,18.9,19.02,0.64,3.97,687.570007,8.394419,87.426399,45,0.3815,-0.002,0.000399,-0.0023,508.584503,0.3093,9.161899,0.000099,0.957899
H6,TA,721.6,317.14,404.47,13.2,14.93,0.484,3.31,682.070007,19.16785,80.034301,63.639598,0.3476,-0.000799,-0.000099,-0.000699,511.184692,0.3262,9.574,0.004,2.032299
H6,TA,836,613.76,222.24,175.5,62.78,11.996,28.29,477.089996,9.215664,292.279205,63.639598,0.307,-0.003199,-0.0012,-0.002,445.302886,0.3465,9.4833,0.001099,1.009799
H6,TA,787.6,448.14,339.46,48.9,46.93,1.734,11.01,,,,,,,,,,,,,
H6,TA,822.8,403,419.8,45.8,36.81,1.234,9.17,673.619995,11.612222,75.001098,184.705596,0.2646,0.001599,0.0005,0.001,518.593811,0.3677,10.7276,0.0023,1.236199
H3,TA,1412.4,832.72,579.68,82.9,68.65,1.39,13.38,729.260009,7.002055,85.018699,157.279205,0.2178,0.002899,0.001399,0.0015,611.606018,0.6089,10.0494,0.001799,0.690299
H6,TA,1174.8,611.64,563.16,60.8,46.06,1.828,15.75,666.590026,5.235126,208.492401,786.395996,0.828899,-0.002,-0.0013,-0.000699,448.825714,0.0856,13.416399,0.000399,0.5414
H3,TA,933.04,478.93,454.11,47.1,43.78,1.375,8.27,564.210021,1.491807,87.426399,0,0.0364,0.002899,0.002199,0.000799,498.80249,0.518199,10.1513,0.000099,0.2842
U5,ALP,1565.24,219.31,1345.93,7.1,11.03,0.312,5.91,1264.859985,60.314487,16.305299,84.852798,0.084899,0.004,0.0035,0.0006,811.166625,0.457599,8.167599,0.0531,6.4418
U7,ALP,1645.6,628.65,1016.95,96.4,52.61,0.781,12.98,1259.949951,18.315366,123.4673,75,0.7764,-0.002199,0.003899,-0.006099,521.416381,0.1118,8.8491,0.004499,2.242799
U6,PP,2274.8,935.04,1339.76,57.5,54.51,1.25,19.86,816.119995,14.5484,113.602996,84.852798,0.902999,-0.002899,0.000399,-0.003299,447.251586,0.0485,12.1111,0.0054,1.613399
P6,PP,1408,706.73,701.27,45.3,23.02,0.828,4.98,789.75,16.807601,101.6109,90,0.279199,-0.0023,0,-0.0023,659.529602,0.639599,10.457099,0.015799,1.845299
S6,ALP,963.6,368.83,594.77,42.1,29.6,0.75,6.05,1204.71997,22.5962,65.873497,252.426406,0.314999,0.003899,-0.004699,0.0086,694.304199,0.3425,10.032299,0.0248,2.430999
S6,ALP,792,247.51,544.49,24.2,22.07,0.219,3.93,1323.699951,20.214076,57.171199,0,0.8934,0.006099,0.0086,-0.0024,1275.996459,0.946699,7.8578,0.017599,2.154099
J1,TA,932.8,632.51,300.29,28.5,40.14,1.125,7.44,690.700012,1.477915,123.639602,0,0.967299,-0.001799,-0.0005,-0.0012,432.737091,0.0163,10.567399,0.000099,0.2011
U6,ALP,1229.52,274.96,954.56,23.6,16.2,0.687,8.46,1288.140014,76.670684,14.509699,63.639598,0.346799,-0.011599,-0.0081,-0.0035,1007.34967,0.673399,7.336699,0.027699,8.2959
U6,ALP,1474,371.91,1102.09,11,13.98,0.5,1.97,1449.23999,29.55109,42.5583,1169.117065,0.768999,-0.052,-0.0285,-0.0236,546.35083,0.1155,13.765099,0.0644,4.2897
H5,PP,1504.12,431,1073.12,27.2,21.81,0.734,6.7,855.950012,6.9319,104.328002,106.066001,0.1233,0.0034,0.0012,0.002199,615.851989,0.4384,10.5241,0.001,0.7971
S6,PP,1280.4,464.24,816.16,37,22.25,0.719,5.99,868.179992,7.546742,117.426399,102.426399,0.9516,-0.007199,-0.0062,-0.001,439.093994,0.024199,12.9053,0.0031,0.7813
H6,PP,1082.4,302.17,780.23,27.3,24.36,0.828,6.57,873.080017,1.684142,87.426399,637.279174,0.453799,-0.000399,-0.0012,0.000699,549.867675,0.273099,14.916799,0.0003,0.1884
U7,ALP,885.08,174.92,710.16,5.9,17.79,0.484,2.93,1502.189941,48.706798,22.2352,225,0.7608,-0.0037,-0.0024,-0.0013,556.86267,0.119599,9.244199,0.099299,5.270699
H5,PP,1126.4,563.77,562.63,66.6,45.08,1.015,8.91,819.119995,2.753219,285.088714,0,0.1272,0.000899,0.0003,0.0006,598.933288,0.436399,11.2159,0,0.282
H6,ALP,963.6,277.87,685.73,44.9,27.63,0.922,6,971.919982,14.263781,87.426399,290.771697,0.5715,-0.0043,-0.000799,-0.0035,544.875488,0.2142,9.8308,0.0048,1.683899
H6,PP,1139.6,395.57,744.03,36.5,30.32,0.859,5.5,765.210021,5.057701,301.642303,60,0.6092,-0.000699,-0.000099,-0.0006,494.249603,0.195399,10.0964,0.0013,0.539499
H6,TA,1451.88,471.63,980.25,28.2,26.07,0.765,8.66,715.280029,3.564092,165.812103,15,0.4372,-0.000099,0.000099,-0.000199,509.165893,0.281399,9.1405,0.0006,0.397199
S4,ALP,602.8,134.33,468.47,14.7,11.52,0.406,2.04,1402.46997,26.197454,50.325199,30,0.397599,0.008899,0.0019,0.007,721.8479,0.3012,10.010399,0.000899,2.982199
S5,ALP,792,240.44,551.56,10.4,17.81,0.297,1.59,1372.069946,49.231311,23.062999,36.213199,0.046799,0.003299,0.0102,-0.006899,878.200073,0.476599,7.2442,0.063799,6.637899
U3,ALP,686.4,111.43,574.97,10.5,8.06,0.266,2.21,1518.21997,34.71994,30.957599,600.624511,0.079199,0.005599,0.0017,0.0038,930.19342,0.460399,9.716699,0.054499,3.491699
H6,TA,875.6,341,534.6,20.1,19.3,0.359,4.5,712.929992,16.627969,83.250297,477.426391,0.5256,-0.004,-0.002499,-0.0015,495.923309,0.2372,10.9398,0.012299,1.8305
H6,PP,1271.6,472.49,799.11,55.6,29.8,1.015,7.32,818.070007,9.209076,99.580497,0,0.9246,0.000699,-0.0003,0.001,443.143585,0.0377,13.568699,0.0031,0.916899
H3,PP,1129.24,225.81,903.43,19.4,24.09,0.812,4.65,807.039978,2.271908,92.781898,21.213199,0.109999,0.0023,0.000399,0.0019,596.924987,0.444999,12.287099,0.0003,0.334699
S4,ALP,840.4,145.18,695.23,41.3,21.69,0.719,10.3,1374.270019,19.828901,43.281299,190.918899,0.5472,-0.006099,-0.001399,-0.004699,642.603515,0.2264,9.9898,0.0115,2.032299
S7,ALP,408.32,101.76,306.56,3.9,6.52,0.234,1.23,1334.21997,38.818073,30.316299,60,0.0241,-0.014399,-0.0107,-0.0037,870.410522,0.487899,10.0703,0.0635,4.360599
S5,PP,1207.72,648.24,559.48,134.6,55.63,1.234,12.73,979.950012,7.438505,51.913299,93.639602,0.5953,0.003199,-0.001599,0.0048,540.058593,0.202399,11.195799,0.0034,1.018399
H6,TA,1034,573.52,460.48,121.4,68.19,7.56,16.73,675.669982,12.244768,74.3367,42.426399,0.354999,0.006,0.0031,0.002899,595.935974,0.6775,8.279299,0.0034,1.417899
H6,PP,1142.32,600.16,542.16,119.3,70.93,4.483,19.12,676.169982,8.379093,144.852798,21.213199,0.7232,0.0034,-0.001599,0.004999,641.879272,0.861599,8.6708,0.0019,1.025699
K3,PP,1042.04,181.51,860.54,19.4,27.54,0.656,2.45,851.130004,14.59736,54.976799,30,0.8855,-0.001099,-0.0024,0.001399,826.930603,0.9427,8.369,0.0005,1.5204
H6,PP,919.6,432.89,486.71,99.6,40.23,3.062,14.5,575.72998,22.063781,111.856597,21.213199,0.459199,0.000199,0,0.0003,468.274108,0.270399,9.5176,0.0196,2.341399
H5,TA,959.2,561.14,398.06,43.5,38.3,1.859,11.95,677.21997,10.32908,268.520202,60,0.3131,-0.004399,-0.001,-0.0035,591.777587,0.656499,9.0141,0.000899,1.1941
H5,TA,754.28,351.98,402.3,40.9,36.35,0.656,6.51,647.570007,17.902462,60.995399,63.639598,0.1251,-0.000099,0,-0.000199,551.713989,0.5625,9.6274,0.011599,1.878399
H5,TA,1146.68,559.16,587.52,88.9,68.83,0.953,8.87,631.169982,2.562402,121.122398,0,0.0917,0.0003,0.001599,-0.0013,539.101623,0.545799,11.618499,0.000099,0.294999
H4,PP,1280.4,683.18,597.22,60.4,45.47,0.594,7.66,875.109985,7.79882,39.553501,0,0.323599,0.0104,-0.0024,0.012799,724.050476,0.6618,8.3141,0.0119,0.836
H3,TA,699.6,426.14,273.46,77.7,44.37,2.062,12.46,600.700012,4.285423,57.426399,159.852798,0.389099,-0.0006,-0.0005,-0.000099,481.066711,0.3055,12.827699,0.000799,0.440899
H6,TA,1302.4,704.1,598.3,96,54.14,1.578,14.5,654.950012,1.208603,316.679199,15,0.240799,0.0005,0.000399,0.000099,568.971313,0.6204,11.9102,0.000099,0.1393
H6,TA,810.96,473.31,337.65,79.1,37.2,2.046,11.59,643.690002,3.867173,102.426399,21.213199,0.254299,0,0.0006,-0.000699,563.440124,0.6272,9.4693,0.0005,0.451099
H6,TA,774.4,561,213.41,133.7,55.56,3.718,22.01,612.580017,3.411463,,,,,,,,,,,
H5,TA,708.4,390.15,318.25,29.9,31.33,0.453,3.25,644.419982,6.657207,108.639602,21.213199,0.193399,0.0037,0.0015,0.002199,515.545715,0.403299,10.0585,0.000799,0.794399
H5,PP,642.4,307.26,335.14,43.7,28.93,0.594,6.27,631.099975,8.703701,156.691192,36.213199,0.656899,-0.0096,-0.0037,-0.0059,596.339172,0.828499,9.608599,0.000899,1.074499
H5,PP,950.4,401.29,549.11,51.4,45.22,0.625,5.14,678.5,20.238964,79.289703,121.066001,0.613499,-0.0054,-0.003599,-0.0019,476.776885,0.193299,9.647,0.0035,2.0025
H5,TA,844.8,575.08,269.72,142.8,47.62,4.67,19.84,500.089996,2.216094,377.131988,0,0.7371,0.0013,0.001,0.0003,490.672912,0.868499,9.7537,0.000099,0.3018
H5,TA,893.8,463.29,430.51,56.9,43.41,1.093,6.97,537.21997,4.009579,284.944,36.213199,0.0518,-0.002,-0.002,0,480.019805,0.474099,10.870499,0.0005,0.5346
H5,TA,968,751.68,216.32,198.8,74.31,0.515,29.22,604.96997,4.432408,202.990295,30,0.545499,-0.0003,-0.0003,-0.000099,564.857727,0.7728,9.809599,0.001,0.4548
H5,TA,680.16,316.27,363.89,49.3,30.45,1.187,10.86,551.119995,16.077066,75.4915,42.426399,0.3921,0.0026,-0.003899,0.0065,513.836975,0.696099,8.6807,0.0098,1.893
H6,TA,778.8,478.99,299.81,61.4,68.33,0.609,8.35,679.549987,18.433229,75.317398,81.213203,0.3212,-0.0005,-0.0003,-0.000199,513.669006,0.339399,8.9245,0.001599,1.9091
H6,TA,712.8,359.84,352.96,46.6,43.47,0.906,6.1,535.580017,3.642507,265.918792,96.213203,0.7918,0.000699,-0.000199,0.000899,439.603393,0.104099,10.751,0.000099,0.4178
H3,TA,550,303.36,246.64,41.4,26.45,0.875,7.98,497,4.710087,160.646606,386.984802,0.1709,-0.0013,-0.0012,-0.000099,468.584106,0.5855,12.930399,0.000799,0.470099
U6,ALP,1164.12,331.46,832.66,55.2,28.74,0.765,7.63,1251.72998,40.070442,29.0088,420.624511,0.653699,0.003299,0.0023,0.001,570.983825,0.173099,9.8021,0.0549,4.288
S6,ALP,1372.8,484.34,888.46,40.1,42.65,1.172,10.82,1160.130004,6.819829,83.826202,30,0.902899,-0.0017,-0.001799,0.000099,463.975891,0.048599,9.044799,0.0035,0.7149
U5,ALP,510.4,150.56,359.84,2.9,6.62,0.187,1.02,1159.880004,74.237663,13.043499,114.852798,0.4824,0.0129,0.005799,0.007199,617.754577,0.258799,8.1981,0.0183,7.8288
S8,ALP,701.96,356.56,345.4,3.3,14.39,0.234,1.89,1372.910034,2.845149,66.213203,21.213199,0.9857,-0.0038,-0.0013,-0.002499,435.196289,0.0071,15.6152,0.001,0.372
U7,ALP,1496,433.82,1062.18,8.3,23.18,1.187,5.47,1326.650024,68.079689,15.2613,21.213199,0.170699,0.0136,0.0129,0.000699,954.20227,0.5853,7.842199,0.1083,7.4408
S7,ALP,1509.2,821.78,687.42,14,26.02,0.937,7.54,1110.199951,22.464708,23.013999,21.213199,0.9343,0.014999,0.0031,0.0119,450.841796,0.0328,9.604999,0.0379,2.6247
U7,PP,1258.4,414.49,843.91,11.6,25.19,0.297,4.7,919.390014,47.049125,26.527099,105,0.2813,-0.013,-0.0065,-0.0065,604.868713,0.359299,8.817,0.0973,4.6838
U7,ALP,885.08,240.24,644.84,8.9,9.15,0.375,4.65,1193.869995,42.819145,24.3397,0,0.628,0.014399,0.0146,-0.000199,570.810729,0.186,9.745499,0.0776,4.644499
H6,TA,968,552.36,415.64,64.5,42.21,0.687,8.7,592.669982,6.591386,59.867599,30,0.402099,-0.002199,0,-0.002099,477.546112,0.298999,11.7679,0.002,0.7315
U5,ALP,831.6,408.59,423.01,1.9,15.68,0.328,4.01,1265.630004,51.58271,18.6569,0,0.3797,0.027899,0.022099,0.005799,688.113525,0.3102,7.8899,0.005599,5.681
H6,TA,824.04,414.18,409.86,67.9,30.47,1.047,11.19,732.270019,20.140199,56.338798,157.279205,0.3127,-0.016,-0.006099,-0.009899,532.85498,0.3436,9.427,0.0129,2.235899
H3,TA,1133.6,613.16,520.44,96.6,59.69,1.703,12.03,680.98999,7.489349,200.762893,21.213199,0.786499,-0.0026,-0.000899,-0.001799,455.404388,0.1067,10.874899,0.0012,0.7493
H6,TA,1170.4,673.87,496.53,101.9,52.51,0.875,11.38,803.150024,19.283988,75.411201,42.426399,0.123099,-0.005499,-0.002,-0.0035,638.856018,0.5615,9.136699,0.012,2.0652
H5,PP,1720.4,738.86,981.54,230.1,44.71,3.843,18.21,886.559997,14.83551,63.255199,0,0.4841,0.0037,0.002899,0.000799,546.627929,0.257999,8.859499,0.002899,1.5152
H6,TA,1233.88,542.67,691.21,51.5,32.22,0.828,4.6,781.080017,9.779461,149.7191,111.213203,0.7196,-0.0052,0.002199,-0.007499,731.644592,0.859799,9.3646,0.0046,1.179399
H6,PP,1133.6,444.83,688.77,36.1,30.48,0.437,4.56,833.71997,20.356042,57.3087,234.852798,0.082,0.002899,0.000099,0.002899,647.69873,0.541,9.6639,0.021299,2.136399
K3,PP,1355.2,322.92,1032.28,84.9,84.62,1.062,11.19,927.440002,5.565218,63.865501,0,0.0737,0.003199,0.002,0.001099,659.551879,0.463099,10.082699,0.000399,0.6013
H6,TA,832.76,492.38,340.38,91.7,58.07,3.14,19.14,655.73999,9.364463,144.593902,0,0.276499,0.003299,0.0017,0.0017,510.668304,0.361699,11.2228,0.0038,1.057
H6,TA,1095.6,605.64,489.96,81.9,39.14,1.047,7.53,707.960021,3.180785,331.452209,132.426406,0.3269,-0.0023,-0.0015,-0.000699,522.519287,0.3366,14.8168,0.0006,0.363299
H6,TA,1174.8,495.84,678.96,75.7,40.3,1.531,11.23,745.929992,0.693343,30,156.213195,0.4045,-0.004199,-0.0027,-0.0015,651.406127,0.7023,12.1428,0.0003,0.2779
H3,TA,673.2,410.88,262.32,79.6,41.04,1.296,11.64,637.73999,10.390434,51.213199,0,0.286399,0.0049,0.002899,0.002,563.067077,0.643199,8.8632,0.0049,1.1539
H6,PP,858.92,410.4,448.52,30.8,17.33,0.937,5.73,645.25,14.901937,100.426597,283.492401,0.200499,-0.0086,-0.004499,-0.004,515.120422,0.3998,10.356399,0.0006,1.557299
H5,PP,998.8,486.41,512.39,85.2,49,2.296,12.58,621.659973,7.533113,102.192398,15,0.194499,0.0013,0.000699,0.0006,506.263885,0.4027,10.7531,0.000199,0.8403
H3,PP,915.2,673.55,241.66,195.6,46.49,7.357,26.64,463.760009,16.770074,126.8927,51.213199,0.6955,-0.008799,-0.0046,-0.004199,433.826599,0.1523,10.7292,0.0148,1.768599
J1,TA,743.6,598.64,144.97,212.4,37.98,1.843,10.18,535.549987,10.717411,73.899299,15,0.732299,0.001099,0.001,0,521.214477,0.8661,8.974699,0.0003,1.135699
H3,TA,902,668.89,233.11,72.1,37.53,1.999,10.56,559.98999,39.516387,18.2415,0,0.442799,0.0247,0.008299,0.0163,523.341369,0.7214,7.4207,0.015599,4.4359
H3,TA,662.72,445.03,217.69,42.1,19.49,1.296,10.32,449.779998,14.869731,87.418098,544.705688,0.7433,-0.001,-0.001,0.000099,431.187988,0.128399,10.1273,0.000199,1.5999
H5,TA,858.92,495.76,363.16,111.8,87.48,3.28,18.9,470.260009,1.756128,21.213199,57.426399,0.3379,-0.004399,-0.002499,-0.0019,456.419189,0.669,11.7572,0.000099,0.3257
F1,TA,2118.96,1591.87,527.09,311,158.1,4.249,27.73,433.209991,1.171485,15,0,0.7688,0.0012,-0.000199,0.001399,429.000396,0.115599,10.5576,0,0.206
H3,TA,849.2,701.13,148.07,205.5,38.91,5.451,15.53,471.380004,18.936182,67.327903,51.213199,0.619899,0.006,0.0041,0.001799,436.608489,0.189999,8.937199,0.016799,2.0833
H6,TA,1034,489.71,544.29,140.2,54.06,4.124,20.41,465.809997,9.165788,65.515502,81.213203,0.5738,0.001599,0.0003,0.0013,457.849212,0.786899,9.6862,0.000099,0.9465
H6,TA,805.2,432.37,372.83,45.2,20.24,1.843,4.96,442.299987,2.075817,51.213199,0,0.791,0.0012,0,0.0013,429.897003,0.1045,10.8575,0.000199,0.299699
H5,TA,968,756.12,211.88,31.6,17.82,1.25,5.5,588.510009,3.74212,245.565994,15,0.2484,-0.003,-0.0012,-0.001799,528.36322,0.624199,8.946299,0.0003,0.425999
H6,TA,589.6,223.41,366.19,97,19.4,2.718,3.93,668.090026,3.124583,219.550003,0,0.936299,0,-0.0003,0.0003,660.458801,0.9682,9.041,0.0003,0.3607
H3,TA,976.8,607.65,369.15,27.8,71.53,0.578,20.91,656.820007,5.33765,93.166198,0,0.8823,0.0035,0.0023,0.0012,643.381713,0.9412,8.5036,0.0023,0.609899
F4,TA,1865.6,1305.58,560.02,132.8,76.61,2.312,28.14,434.420013,0.223597,36.213199,0,0.847699,-0.0006,-0.0006,0,428.90451,0.076099,11.770799,0,0.075699
H3,TA,1333.2,676.95,656.25,75.6,46.25,1.843,9.02,578.929992,0.755168,36.213199,51.213199,0.637499,-0.0019,-0.0015,-0.000399,551.653869,0.8187,11.781299,0.000099,0.144999
H3,TA,1249.8,443.24,806.56,48.5,44.62,1.531,8.25,543.270019,9.923786,34.039199,0,0.710699,0.0038,0.0034,0.000399,526.6604,0.8553,9.6469,0.0065,0.6963
H6,TA,752.4,617.27,135.14,95.1,51.78,5.623,19.19,566.349975,5.781862,242.132003,21.213199,0.4201,0.000399,-0.0005,0.000899,468.433288,0.2899,9.6464,0.0012,0.6164
H6,TA,792,480.83,311.17,69.8,45.87,2.062,12.58,537.880004,8.107639,223.492401,60,0.683899,-0.0037,-0.000899,-0.002799,445.746795,0.158099,10.077699,0.001599,0.893199
H6,TA,822.8,358.94,463.86,92.5,48.37,4.905,21.27,509.070007,6.216294,189.589401,184.705596,0.3343,0.000799,-0.000799,0.001599,455.284301,0.3328,11.465299,0.000399,0.703899
H3,TA,1126.4,939.25,187.15,252.1,44.93,7.716,17.62,478.779998,19.24452,47.580898,0,0.176599,0.008399,0.0013,0.0071,458.058197,0.588299,8.653599,0.011599,2.1535
F1,TA,1020.8,463.32,557.48,123.6,46.08,3.624,10.08,433.359985,1.587834,78.639602,0,0.6437,0.001,0.000699,0.000399,429.324584,0.1781,11.837699,0.000099,0.2028
H3,TA,1073.6,925.35,148.25,247.7,48.65,8.435,23.99,448.190002,20.363807,48.072299,42.426399,0.5245,0.005799,0.002899,0.002899,433.142913,0.2377,9.079899,0.0135,2.1075
F4,TA,1161.6,377.33,784.27,100.3,57.28,1.796,17.18,435.309997,0.900193,72.426399,87.426399,0.7659,-0.002,-0.001099,-0.000899,429.252807,0.116999,12.6134,0,0.1465
F1,TA,814,506.22,307.78,47.8,50.99,0.703,18.36,431.309997,1.688551,36.213199,0,0.8518,0.0013,0.000899,0.0005,428.661987,0.0741,11.243,0,0.2292
H5,TA,928.4,654.15,274.25,116.9,80.4,3.764,9.29,513.090026,22.149961,51.1627,106.066001,0.012299,0.017999,0.007799,0.010099,470.248199,0.4938,8.6637,0.0137,2.792299
F1,TA,765.6,507.94,257.66,111.2,47.94,4.389,16.98,450.929992,4.141726,132.415206,45,0.6926,0,-0.000699,0.000699,431.905212,0.153699,12.1812,0.000199,0.410499
U7,ALP,836,175.75,660.25,12.8,13.07,0.453,5.24,1019.770019,40.592597,28.177099,1010.954284,0.2662,-0.009499,-0.006399,-0.0031,645.415893,0.366899,9.870499,0.041299,4.548099
U3,ALP,1674,323.9,1350.1,20.7,27.06,1.39,10.82,1596.579956,28.036668,18.8062,0,0.3808,0.049899,0.017799,0.032099,790.078979,0.309599,6.646699,0.025599,4.350699
U5,ALP,1922.8,479.69,1443.11,11,16.78,0.578,5.49,1341.640014,19.877273,56.5573,90,0.5396,0.001799,0.003899,-0.002199,638.689086,0.230199,11.3232,0.021299,2.058
H5,TA,1320,766.89,553.11,69,48.72,1.093,13.01,636.359985,2.424296,166.065994,0,0.9484,-0.0005,0.0006,-0.001099,433.811889,0.0258,12.4558,0.0006,0.199
U7,ALP,1271.6,259.11,1012.49,17.7,27.3,0.5,3.04,1494.540039,64.847953,16.835699,148.492401,0.0135,-0.010599,-0.0052,-0.0054,968.682922,0.506699,8.452099,0.048599,6.979599
S4,ALP,822.8,274.04,548.76,39.2,27.2,2.109,7.59,1285.670043,17.966234,55.469799,0,0.866199,0.0041,0.0026,0.0015,1228.326049,0.933099,8.410799,0.0141,1.947499
U7,ALP,638,136.83,501.17,18.4,16.02,0.391,4,1464.119995,30.718854,40.175899,248.345306,0.8161,-0.0152,-0.0107,-0.004499,523.691284,0.092,10.6983,0.040699,3.3749
H4,PP,1086.8,425.01,661.79,21.5,25.53,0.812,3.94,892.299987,9.97552,214.705596,78.639602,0.577199,-0.000899,-0.0003,-0.0006,526.503906,0.2114,10.3561,0.0024,1.050099
S6,TA,1258.4,452.73,805.67,25.4,28.3,0.515,4.4,865.570007,4.140574,97.601898,0,0.517599,0.0019,0.0023,-0.0003,760.133911,0.7588,9.0233,0.001,0.4559
H6,TA,1782,830.52,951.49,115.9,64.55,1.906,15.37,702.950012,1.703331,172.279205,117.426399,0.268299,-0.001599,-0.000899,-0.000699,602.518615,0.6341,12.6217,0,0.219799
U5,ALP,1408,453.09,954.91,21.6,30.76,0.594,5.43,1307.390014,47.84909,21.836,153.639602,0.854799,0.002,0.000099,0.0019,492.272888,0.072599,10.9033,0.002899,4.943399
H3,TA,787.6,266.01,521.6,19,15.23,0.484,4.02,629.169982,13.102515,63.810298,21.213199,0.0147,0.0043,-0.0003,0.0046,530.28302,0.5073,10.5691,0.0096,1.380599
H6,ALP,866.8,235.07,631.74,22,25.8,1.39,6.4,1015.859985,15.97163,64.294799,42.426399,0.665899,-0.001099,-0.000899,-0.000199,917.735778,0.833,8.650899,0.0035,1.613299
H6,PP,1223.2,338.88,884.32,17.9,24.42,1.281,11.29,708.200012,5.346197,103.3059,0,0.3792,0.002099,0.000799,0.0013,621.368713,0.689599,9.2866,0.0012,0.592999
H6,TA,800.8,258.71,542.09,17.6,19.19,0.375,4.04,992.260009,9.176102,55.403099,60,0.5816,0.004,0.0006,0.0034,546.391113,0.209199,10.4123,0.000799,1.003999
H5,TA,1117.6,710.99,406.61,71.1,42.24,1.984,13.02,776.21997,2.279691,144.182693,0,0.7881,0.007199,0.0035,0.0037,739.37622,0.8941,8.524,0.001099,0.517899
H6,PP,840.4,230.64,609.76,19.1,19.83,0.484,2.94,825.190002,7.755315,117.639099,0,0.078699,0.0085,0.004,0.0046,611.208618,0.4607,9.184,0.002799,0.998199
O2,ALP,866.8,288.94,577.86,13.4,28.12,0.703,4.94,1038.060058,17.533594,74.123703,319.705688,0.920799,-0.009399,-0.008299,-0.001099,452.591613,0.039599,11.2369,0.0153,1.9701
S7,ALP,1487.2,408.15,1079.05,30.9,27.04,0.859,12.83,1580.20996,21.882444,40.973999,0,0.9725,0.0038,0.002799,0.001,1564.388671,0.986299,7.612299,0.018899,2.4144
S4,ALP,426.36,148.95,277.41,7.1,11.88,0.297,3.05,1178.430053,43.065376,22.4356,42.426399,0.409,-0.0006,-0.000099,-0.0005,650.077087,0.2955,8.7965,0.033399,4.5387
H6,PP,1500.4,948.36,552.04,171.6,83.51,3.796,20.5,900.090026,26.745376,48.0298,30,0.7684,0.000399,0.0005,-0.000199,845.463928,0.884199,8.340999,0.030099,2.877899
U4,ALP,353.76,55.75,298.01,8.1,10.18,0.453,1.18,1453.780029,41.552722,26.2458,296.984893,0.348699,-0.001,0.000399,-0.001399,762.353088,0.3257,9.9222,0.031399,4.189599
H6,TA,739.2,255.89,483.31,19.7,19.01,0.391,5.47,842.97998,12.259174,107.956298,127.279197,0.687399,0.003,0.0026,0.000399,778.180114,0.843699,8.9911,0.004399,1.2868
H6,TA,730.4,282.86,447.54,38.1,28.13,0.89,4.93,778.46997,11.486987,58.339401,132.426406,0.2973,-0.0012,-0.001799,0.0006,655.492797,0.648699,9.9545,0.000799,1.224799
H6,TA,990,383.71,606.29,47.2,34.81,0.281,4.89,731.530029,10.324373,113.525398,168.639602,0.0113,-0.004,-0.0023,-0.0017,578.272705,0.4943,10.2531,0.0017,1.139299
K2,PP,990,417.51,572.49,26.8,26.22,0.953,5.66,907.609985,10.518552,108.639602,0,0.870199,-0.002099,0.000399,-0.002499,459.541412,0.0649,10.3125,0.003,1.082399
S4,ALP,532.4,62.39,470.01,15.9,12.49,0.422,2.14,1194.949951,24.964609,39.130699,51.213199,0.661599,0.0017,0.003299,-0.001599,1065.266357,0.830799,8.3407,0.000899,2.7149
H6,PP,1267.2,487.63,779.57,37.9,34.96,1.437,8.21,759.5,11.001167,72.426399,141.213195,0.3476,-0.000099,0.0026,-0.0027,536.444885,0.3262,9.7874,0.000399,1.2135
H6,TA,770,332.02,437.98,42.9,45.4,0.828,6.1,688.909973,3.570871,109.139297,42.426399,0.7085,-0.002799,-0.0012,-0.0015,650.942382,0.8542,11.1182,0.000799,0.3957
H6,PP,822.8,350.7,472.1,35.7,24.16,1.734,9.19,724.109985,10.788553,74.762901,84.852798,0.609899,0.002899,0.001399,0.0015,666.436828,0.804899,9.815699,0.0035,1.166599
H6,PP,1056,272.09,783.91,71.8,34.19,1.5,11.54,711.619995,13.647506,192.409194,21.213199,0.6697,0.0017,0.001399,0.0003,475.208892,0.165099,9.732899,0.0034,1.5542
H6,PP,897.6,301.87,595.73,28.6,31,0.922,10.75,685.820007,5.454507,382.703796,21.213199,0.535799,-0.005799,-0.0027,-0.0031,488.188812,0.232099,11.417699,0.000699,0.689499
H6,PP,1386,567.73,818.27,60.7,60.82,0.75,6.92,824.599975,4.2021,148.591293,45,0.302799,0,0.000699,-0.000799,686.500427,0.6514,10.561499,0.001099,0.407
H3,PP,1100,601.11,498.89,96.8,47.57,2.109,17.7,722.590026,13.207772,47.296298,21.213199,0.886799,0.008399,0.003199,0.0052,705.934509,0.9434,8.121,0.0051,1.4471
H5,TA,1201.2,393.01,808.19,27.9,27.52,0.75,6.78,619.539978,1.168125,93.639602,452.131988,0.716199,-0.000799,-0.000399,-0.000399,455.563903,0.1419,14.067399,0,0.160199
H6,TA,677.6,433.79,243.81,81.6,58.06,2.359,16.03,585.299987,10.136936,80.631599,63.639598,0.8572,0.0005,0.0003,0.000199,574.099121,0.9286,9.220899,0.003599,1.0892
H6,TA,1025.2,604.58,420.62,117.6,64.01,4.78,21.91,654.210021,7.63214,107.459999,0,0.4814,0.003,0.001099,0.0019,595.676025,0.7407,9.522999,0.0006,0.809899
H5,TA,796.4,426.85,369.55,81.5,41.54,1.624,11.32,676.940002,10.370642,86.475502,45,0.693599,-0.0006,-0.0003,-0.0003,638.868896,0.8468,8.746,0.000099,1.0506
H3,PP,840.4,249.53,590.87,43.8,20.3,1.515,6.63,739.690002,42.822544,13.4048,87.426399,0.1536,0.0452,0.0031,0.0421,607.969299,0.576799,8.753899,0.065099,5.798399
H6,TA,954.8,472.13,482.68,72.1,57.34,2.046,14.74,600.419982,6.08358,121.066001,337.279205,0.695399,-0.0052,-0.002199,-0.003,454.642211,0.1523,10.959899,0.000199,0.702799
H6,TA,770,355.74,414.26,63.8,49.66,1.687,11.01,605.5,1.492643,93.639602,66.213203,0.481,-0.0017,-0.0005,-0.0012,559.551879,0.740499,11.9046,0.000199,0.203799
H5,TA,673.2,397.65,275.55,96.1,40.69,2.812,14.12,488.98999,2.411361,202.279205,172.279205,0.475499,-0.0013,-0.001099,-0.000199,444.328002,0.2623,12.4587,0.0005,0.291
H6,TA,655.6,279.01,376.59,40,33.96,1.624,8.07,690.770019,17.389503,61.774299,193.492401,0.377299,-0.0023,-0.002499,0.000199,510.121612,0.3113,10.0506,0.003899,1.8191
H6,TA,704,428.03,275.97,43.2,36.82,1.781,12.4,497.059997,9.084316,107.831802,30,0.5349,-0.001,0.000099,-0.001099,481.105499,0.767499,9.2445,0.0043,0.925999
H5,TA,990,652.95,337.05,138.2,43.71,3.561,15.12,490.5,6.31038,130.684692,51.213199,0.313899,0.001099,-0.000099,0.0012,469.215301,0.657,9.3127,0.000099,0.7314
H6,TA,708.4,474.21,234.19,48.1,45.9,0.828,10.92,569.059997,14.845607,69.410797,36.213199,0.1154,-0.001399,-0.001399,0,506.869506,0.557699,9.858599,0.008999,1.587599
H6,TA,897.6,389.41,508.19,75.3,35.58,1.781,11.62,502.48999,8.732959,258.639587,285,0.737399,0.003899,-0.000099,0.003899,438.169799,0.1313,10.5766,0,0.9835
H3,PP,1478.4,1069.45,408.95,439.1,96.91,21.228,30.14,502.630004,7.498237,247.279205,0,0.558499,-0.000199,0.000699,-0.000899,444.825012,0.220699,11.3662,0.0006,0.818799
H6,TA,800.8,482.19,318.61,102.7,44.46,1.609,10.45,474.73999,6.366675,294.063507,186.213195,0.877799,0.0013,0.0017,-0.000399,431.277404,0.061099,10.6568,0.0023,0.667299
