<?xml version="1.0" encoding="UTF-8"?>
<metadata xml:lang="en"><Esri><CreaDate>20160301</CreaDate><CreaTime>09263700</CreaTime><ArcGISFormat>1.0</ArcGISFormat><ArcGISstyle>FGDC CSDGM Metadata</ArcGISstyle><SyncOnce>TRUE</SyncOnce><DataProperties><lineage><Process ToolSource="c:\program files (x86)\arcgis\desktop10.1\ArcToolbox\Toolboxes\Spatial Analyst Tools.tbx\ExtractByMask" Date="20141030" Time="165137">ExtractByMask relpos.img clip_shed C:\WorkSpace\stats\A_Sept_12_2014_Tutorial\modules\cLHS_example\clip_relpos.img</Process></lineage><itemProps><itemLocation><linkage Sync="TRUE">file://\\ARCWVMOR5000014\C$\Workspace\stats\A_Sept_12_2014_Tutorial\modules\cLHS_example\clip_relposCopy.img</linkage><protocol Sync="TRUE">Local Area Network</protocol></itemLocation></itemProps><copyHistory><copy source="C:\Workspace\stats\A_Sept_12_2014_Tutorial\modules\cLHS_example\clip_relpos.img" dest="\\ARCWVMOR5000014\C$\Workspace\stats\A_Sept_12_2014_Tutorial\modules\cLHS_example\clip_relposCopy.img" date="20160301" time="09263700"></copy></copyHistory></DataProperties></Esri></metadata>
