<PAMDataset>
  <PAMRasterBand band="1">
    <Description>Layer_1</Description>
    <Histograms>
      <HistItem>
        <HistMin>0.56212306022644</HistMin>
        <HistMax>0.88077676296234</HistMax>
        <BucketCount>256</BucketCount>
        <IncludeOutOfRange>1</IncludeOutOfRange>
        <Approximate>0</Approximate>
        <HistCounts>8|0|0|0|0|0|0|0|0|0|0|0|0|0|9|0|0|0|0|0|0|0|0|0|0|0|0|0|0|0|0|0|0|0|0|0|0|0|0|0|0|0|18|0|0|0|0|9|0|0|0|0|0|0|9|0|2|0|9|0|0|0|9|0|0|9|0|0|0|9|0|0|0|0|0|9|0|0|7|0|0|0|6|0|0|5|9|0|9|9|0|18|0|3|0|12|9|0|0|11|37|6|9|0|0|45|36|18|27|18|9|45|27|27|18|40|62|63|36|45|36|22|132|0|81|18|94|18|36|51|99|54|90|83|110|106|117|84|109|99|159|144|103|99|221|158|241|216|166|306|148|209|306|200|269|323|236|381|424|394|215|511|437|103|736|303|523|773|480|639|563|525|685|835|597|670|663|714|1107|469|948|622|847|895|1148|904|678|849|863|662|637|915|993|922|750|787|747|662|768|672|543|650|565|483|449|417|415|469|452|339|357|260|171|297|244|145|171|90|104|108|72|89|54|36|81|42|72|54|27|36|9|36|18|18|0|9|0|0|9|9|9|0|0|0|0|0|0|0|0|0|0|9|0|0|0|9</HistCounts>
      </HistItem>
    </Histograms>
    <Metadata>
      <MDI key="STATISTICS_COVARIANCES">8.3220935652759E-04</MDI>
      <MDI key="STATISTICS_MINIMUM">0.56212306022644</MDI>
      <MDI key="STATISTICS_MAXIMUM">0.88077676296234</MDI>
      <MDI key="STATISTICS_MEAN">0.7873789578433</MDI>
      <MDI key="STATISTICS_MEDIAN">0</MDI>
      <MDI key="STATISTICS_MODE">0</MDI>
      <MDI key="STATISTICS_STDDEV">0.028848039041286</MDI>
      <MDI key="STATISTICS_SKIPFACTORX">1</MDI>
      <MDI key="STATISTICS_SKIPFACTORY">1</MDI>
      <MDI key="STATISTICS_EXCLUDEDVALUES"></MDI>
      <MDI key="LAYER_TYPE">athematic</MDI>
    </Metadata>
  </PAMRasterBand>
</PAMDataset>
