<?xml version="1.0" encoding="UTF-8"?>
<metadata xml:lang="en"><Esri><CreaDate>20160125</CreaDate><CreaTime>13042600</CreaTime><ArcGISFormat>1.0</ArcGISFormat><ArcGISstyle>FGDC CSDGM Metadata</ArcGISstyle><SyncOnce>TRUE</SyncOnce><DataProperties><lineage><Process ToolSource="c:\program files (x86)\arcgis\desktop10.1\ArcToolbox\Toolboxes\Conversion Tools.tbx\RasterToPoint" Date="20140131" Time="115913">RasterToPoint grid_35m C:\WorkSpace\DSM_projects\haiti\data_by_TD\clhs\jan_30_2014_run\points_35m.shp Value</Process><Process ToolSource="c:\program files (x86)\arcgis\desktop10.1\ArcToolbox\Toolboxes\Spatial Analyst Tools.tbx\ExtractMultiValuesToPoints" Date="20140131" Time="120312">ExtractMultiValuesToPoints points_35m "lid5m_slope.img lid5m_slop;lid5m_cu.img lid5m_cu;sagawi25m.img sagawi25m" NONE</Process><Process ToolSource="c:\program files (x86)\arcgis\desktop10.1\ArcToolbox\Toolboxes\Data Management Tools.tbx\CalculateField" Date="20140131" Time="120635">CalculateField points_35m slope [lid5m_slop] VB #</Process><Process ToolSource="c:\program files (x86)\arcgis\desktop10.1\ArcToolbox\Toolboxes\Data Management Tools.tbx\CalculateField" Date="20140131" Time="124819">CalculateField points_35m concat "[POINTID] + [lid5m_slop] + [lid5m_cu] + [sagawi25m]" VB #</Process><Process ToolSource="c:\program files (x86)\arcgis\desktop10.1\ArcToolbox\Toolboxes\Data Management Tools.tbx\CalculateField" Date="20140131" Time="124958">CalculateField points_35m concat "[lid5m_slop] + [lid5m_cu] + [sagawi25m]" VB #</Process><Process ToolSource="c:\program files (x86)\arcgis\desktop10.1\ArcToolbox\Toolboxes\Data Management Tools.tbx\CalculateField" Date="20140131" Time="125149">CalculateField points_35m concat2 "[lid5m_slop] + [lid5m_cu] + [sagawi25m]" VB #</Process></lineage></DataProperties></Esri></metadata>
