<?xml version="1.0" encoding="UTF-8"?>
<metadata xml:lang="en"><Esri><CreaDate>20200131</CreaDate><CreaTime>16263600</CreaTime><ArcGISFormat>1.0</ArcGISFormat><SyncOnce>FALSE</SyncOnce><scaleRange><minScale>24000</minScale><maxScale>12000</maxScale></scaleRange><DataProperties><itemProps><itemName Sync="TRUE">MUPOLYGON</itemName><imsContentType Sync="TRUE">002</imsContentType><nativeExtBox><westBL Sync="TRUE">-121.577599</westBL><eastBL Sync="TRUE">-121.246720</eastBL><southBL Sync="TRUE">40.409097</southBL><northBL Sync="TRUE">40.585052</northBL><exTypeCode Sync="TRUE">1</exTypeCode></nativeExtBox><itemSize Sync="TRUE">2.558</itemSize><itemLocation><linkage Sync="TRUE">file://\\ARCCADAV5000611\E$\SSURGO_MSSO_Datasets_FY2020\MLRA_2_SON_FY20.gdb</linkage><protocol Sync="TRUE">Local Area Network</protocol></itemLocation></itemProps><coordRef><type Sync="TRUE">Projected</type><geogcsn Sync="TRUE">GCS_North_American_1983</geogcsn><csUnits Sync="TRUE">Linear Unit: Meter (1.000000)</csUnits><peXml Sync="TRUE">&lt;ProjectedCoordinateSystem xsi:type='typens:ProjectedCoordinateSystem' xmlns:xsi='http://www.w3.org/2001/XMLSchema-instance' xmlns:xs='http://www.w3.org/2001/XMLSchema' xmlns:typens='http://www.esri.com/schemas/ArcGIS/10.7'&gt;&lt;WKT&gt;PROJCS[&amp;quot;USA_Contiguous_Albers_Equal_Area_Conic_USGS_version&amp;quot;,GEOGCS[&amp;quot;GCS_North_American_1983&amp;quot;,DATUM[&amp;quot;D_North_American_1983&amp;quot;,SPHEROID[&amp;quot;GRS_1980&amp;quot;,6378137.0,298.257222101]],PRIMEM[&amp;quot;Greenwich&amp;quot;,0.0],UNIT[&amp;quot;Degree&amp;quot;,0.0174532925199433]],PROJECTION[&amp;quot;Albers&amp;quot;],PARAMETER[&amp;quot;False_Easting&amp;quot;,0.0],PARAMETER[&amp;quot;False_Northing&amp;quot;,0.0],PARAMETER[&amp;quot;Central_Meridian&amp;quot;,-96.0],PARAMETER[&amp;quot;Standard_Parallel_1&amp;quot;,29.5],PARAMETER[&amp;quot;Standard_Parallel_2&amp;quot;,45.5],PARAMETER[&amp;quot;Latitude_Of_Origin&amp;quot;,23.0],UNIT[&amp;quot;Meter&amp;quot;,1.0],AUTHORITY[&amp;quot;Esri&amp;quot;,102039]]&lt;/WKT&gt;&lt;XOrigin&gt;-16901100&lt;/XOrigin&gt;&lt;YOrigin&gt;-6972200&lt;/YOrigin&gt;&lt;XYScale&gt;10000&lt;/XYScale&gt;&lt;ZOrigin&gt;-100000&lt;/ZOrigin&gt;&lt;ZScale&gt;10000&lt;/ZScale&gt;&lt;MOrigin&gt;-100000&lt;/MOrigin&gt;&lt;MScale&gt;10000&lt;/MScale&gt;&lt;XYTolerance&gt;0.001&lt;/XYTolerance&gt;&lt;ZTolerance&gt;0.001&lt;/ZTolerance&gt;&lt;MTolerance&gt;0.001&lt;/MTolerance&gt;&lt;HighPrecision&gt;true&lt;/HighPrecision&gt;&lt;WKID&gt;102039&lt;/WKID&gt;&lt;LatestWKID&gt;102039&lt;/LatestWKID&gt;&lt;/ProjectedCoordinateSystem&gt;</peXml><projcsn Sync="TRUE">USA_Contiguous_Albers_Equal_Area_Conic_USGS_version</projcsn></coordRef><lineage><Process ToolSource="c:\program files (x86)\arcgis\desktop10.7\ArcToolbox\Toolboxes\Data Management Tools.tbx\Merge" Date="20191018" Time="094904">Merge E:\SSURGO_WSS_2020\SSR2_CONUS\soil_ca789\spatial\soilmu_a_ca789.shp;E:\SSURGO_WSS_2020\SSR2_CONUS\soil_ca645\spatial\soilmu_a_ca645.shp;E:\SSURGO_WSS_2020\SSR2_CONUS\soil_ca708\spatial\soilmu_a_ca708.shp;E:\SSURGO_WSS_2020\SSR2_CONUS\soil_ca608\spatial\soilmu_a_ca608.shp;E:\SSURGO_WSS_2020\SSR2_CONUS\soil_nv771\spatial\soilmu_a_nv771.shp;E:\SSURGO_WSS_2020\SSR2_CONUS\soil_ca612\spatial\soilmu_a_ca612.shp;E:\SSURGO_WSS_2020\SSR2_CONUS\soil_ca713\spatial\soilmu_a_ca713.shp;E:\SSURGO_WSS_2020\SSR2_CONUS\soil_ca614\spatial\soilmu_a_ca614.shp;E:\SSURGO_WSS_2020\SSR2_CONUS\soil_ca618\spatial\soilmu_a_ca618.shp;E:\SSURGO_WSS_2020\SSR2_CONUS\soil_ca101\spatial\soilmu_a_ca101.shp;E:\SSURGO_WSS_2020\SSR2_CONUS\soil_ca619\spatial\soilmu_a_ca619.shp;E:\SSURGO_WSS_2020\SSR2_CONUS\soil_ca719\spatial\soilmu_a_ca719.shp;E:\SSURGO_WSS_2020\SSR2_CONUS\soil_nv628\spatial\soilmu_a_nv628.shp;E:\SSURGO_WSS_2020\SSR2_CONUS\soil_ca620\spatial\soilmu_a_ca620.shp;E:\SSURGO_WSS_2020\SSR2_CONUS\soil_nv772\spatial\soilmu_a_nv772.shp;E:\SSURGO_WSS_2020\SSR2_CONUS\soil_nv629\spatial\soilmu_a_nv629.shp;E:\SSURGO_WSS_2020\SSR2_CONUS\soil_ca693\spatial\soilmu_a_ca693.shp;E:\SSURGO_WSS_2020\SSR2_CONUS\soil_ca624\spatial\soilmu_a_ca624.shp;E:\SSURGO_WSS_2020\SSR2_CONUS\soil_ca724\spatial\soilmu_a_ca724.shp;E:\SSURGO_WSS_2020\SSR2_CONUS\soil_ca067\spatial\soilmu_a_ca067.shp;E:\SSURGO_WSS_2020\SSR2_CONUS\soil_nv625\spatial\soilmu_a_nv625.shp;E:\SSURGO_WSS_2020\SSR2_CONUS\soil_nv773\spatial\soilmu_a_nv773.shp;E:\SSURGO_WSS_2020\SSR2_CONUS\soil_ca628\spatial\soilmu_a_ca628.shp;E:\SSURGO_WSS_2020\SSR2_CONUS\soil_ca729\spatial\soilmu_a_ca729.shp;E:\SSURGO_WSS_2020\SSR2_CONUS\soil_ca077\spatial\soilmu_a_ca077.shp;E:\SSURGO_WSS_2020\SSR2_CONUS\soil_ca686\spatial\soilmu_a_ca686.shp;E:\SSURGO_WSS_2020\SSR2_CONUS\soil_ca630\spatial\soilmu_a_ca630.shp;E:\SSURGO_WSS_2020\SSR2_CONUS\soil_ca632\spatial\soilmu_a_ca632.shp;E:\SSURGO_WSS_2020\SSR2_CONUS\soil_ca731\spatial\soilmu_a_ca731.shp;E:\SSURGO_WSS_2020\SSR2_CONUS\soil_ca644\spatial\soilmu_a_ca644.shp;E:\SSURGO_WSS_2020\SSR2_CONUS\soil_ca790\spatial\soilmu_a_ca790.shp;E:\SSURGO_WSS_2020\SSR2_CONUS\soil_ca649\spatial\soilmu_a_ca649.shp;E:\SSURGO_WSS_2020\SSR2_CONUS\soil_ca648\spatial\soilmu_a_ca648.shp;E:\SSURGO_WSS_2020\SSR2_CONUS\soil_ca651\spatial\soilmu_a_ca651.shp;E:\SSURGO_WSS_2020\SSR2_CONUS\soil_ca750\spatial\soilmu_a_ca750.shp;E:\SSURGO_WSS_2020\SSR2_CONUS\soil_ca763\spatial\soilmu_a_ca763.shp;E:\SSURGO_WSS_2020\SSR2_CONUS\soil_ca740\spatial\soilmu_a_ca740.shp;E:\SSURGO_WSS_2020\SSR2_CONUS\soil_ca802\spatial\soilmu_a_ca802.shp;E:\SSURGO_WSS_2020\SSR2_CONUS\soil_ca654\spatial\soilmu_a_ca654.shp;E:\SSURGO_WSS_2020\SSR2_CONUS\soil_ca732\spatial\soilmu_a_ca732.shp;E:\SSURGO_WSS_2020\SSR2_CONUS\soil_ca792\spatial\soilmu_a_ca792.shp;E:\SSURGO_WSS_2020\SSR2_CONUS\soil_ca659\spatial\soilmu_a_ca659.shp;E:\SSURGO_WSS_2020\SSR2_CONUS\soil_ca660\spatial\soilmu_a_ca660.shp;E:\SSURGO_WSS_2020\SSR2_CONUS\soil_ca760\spatial\soilmu_a_ca760.shp;E:\SSURGO_WSS_2020\SSR2_CONUS\soil_ca663\spatial\soilmu_a_ca663.shp;E:\SSURGO_WSS_2020\SSR2_CONUS\soil_ca666\spatial\soilmu_a_ca666.shp;E:\SSURGO_WSS_2020\SSR2_CONUS\soil_ca668\spatial\soilmu_a_ca668.shp;E:\SSURGO_WSS_2020\SSR2_CONUS\soil_ca772\spatial\soilmu_a_ca772.shp;E:\SSURGO_WSS_2020\SSR2_CONUS\soil_ca691\spatial\soilmu_a_ca691.shp;E:\SSURGO_WSS_2020\SSR2_CONUS\soil_ca682\spatial\soilmu_a_ca682.shp;E:\SSURGO_WSS_2020\SSR2_CONUS\soil_ca670\spatial\soilmu_a_ca670.shp;E:\SSURGO_WSS_2020\SSR2_CONUS\soil_ca675\spatial\soilmu_a_ca675.shp;E:\SSURGO_WSS_2020\SSR2_CONUS\soil_ca776\spatial\soilmu_a_ca776.shp E:\SSURGO_MSSO_Datasets_FY2020\MLRA_2_SON_FY20.gdb\MUPOLYGON "AREASYMBOL "AREASYMBOL" true true false 20 Text 0 0 ,First,#,E:\SSURGO_WSS_2020\SSR2_CONUS\soil_ca789\spatial\soilmu_a_ca789.shp,AREASYMBOL,-1,-1,E:\SSURGO_WSS_2020\SSR2_CONUS\soil_ca645\spatial\soilmu_a_ca645.shp,AREASYMBOL,-1,-1,E:\SSURGO_WSS_2020\SSR2_CONUS\soil_ca708\spatial\soilmu_a_ca708.shp,AREASYMBOL,-1,-1,E:\SSURGO_WSS_2020\SSR2_CONUS\soil_ca608\spatial\soilmu_a_ca608.shp,AREASYMBOL,-1,-1,E:\SSURGO_WSS_2020\SSR2_CONUS\soil_nv771\spatial\soilmu_a_nv771.shp,AREASYMBOL,-1,-1,E:\SSURGO_WSS_2020\SSR2_CONUS\soil_ca612\spatial\soilmu_a_ca612.shp,AREASYMBOL,-1,-1,E:\SSURGO_WSS_2020\SSR2_CONUS\soil_ca713\spatial\soilmu_a_ca713.shp,AREASYMBOL,-1,-1,E:\SSURGO_WSS_2020\SSR2_CONUS\soil_ca614\spatial\soilmu_a_ca614.shp,AREASYMBOL,-1,-1,E:\SSURGO_WSS_2020\SSR2_CONUS\soil_ca618\spatial\soilmu_a_ca618.shp,AREASYMBOL,-1,-1,E:\SSURGO_WSS_2020\SSR2_CONUS\soil_ca101\spatial\soilmu_a_ca101.shp,AREASYMBOL,-1,-1,E:\SSURGO_WSS_2020\SSR2_CONUS\soil_ca619\spatial\soilmu_a_ca619.shp,AREASYMBOL,-1,-1,E:\SSURGO_WSS_2020\SSR2_CONUS\soil_ca719\spatial\soilmu_a_ca719.shp,AREASYMBOL,-1,-1,E:\SSURGO_WSS_2020\SSR2_CONUS\soil_nv628\spatial\soilmu_a_nv628.shp,AREASYMBOL,-1,-1,E:\SSURGO_WSS_2020\SSR2_CONUS\soil_ca620\spatial\soilmu_a_ca620.shp,AREASYMBOL,-1,-1,E:\SSURGO_WSS_2020\SSR2_CONUS\soil_nv772\spatial\soilmu_a_nv772.shp,AREASYMBOL,-1,-1,E:\SSURGO_WSS_2020\SSR2_CONUS\soil_nv629\spatial\soilmu_a_nv629.shp,AREASYMBOL,-1,-1,E:\SSURGO_WSS_2020\SSR2_CONUS\soil_ca693\spatial\soilmu_a_ca693.shp,AREASYMBOL,-1,-1,E:\SSURGO_WSS_2020\SSR2_CONUS\soil_ca624\spatial\soilmu_a_ca624.shp,AREASYMBOL,-1,-1,E:\SSURGO_WSS_2020\SSR2_CONUS\soil_ca724\spatial\soilmu_a_ca724.shp,AREASYMBOL,-1,-1,E:\SSURGO_WSS_2020\SSR2_CONUS\soil_ca067\spatial\soilmu_a_ca067.shp,AREASYMBOL,-1,-1,E:\SSURGO_WSS_2020\SSR2_CONUS\soil_nv625\spatial\soilmu_a_nv625.shp,AREASYMBOL,-1,-1,E:\SSURGO_WSS_2020\SSR2_CONUS\soil_nv773\spatial\soilmu_a_nv773.shp,AREASYMBOL,-1,-1,E:\SSURGO_WSS_2020\SSR2_CONUS\soil_ca628\spatial\soilmu_a_ca628.shp,AREASYMBOL,-1,-1,E:\SSURGO_WSS_2020\SSR2_CONUS\soil_ca729\spatial\soilmu_a_ca729.shp,AREASYMBOL,-1,-1,E:\SSURGO_WSS_2020\SSR2_CONUS\soil_ca077\spatial\soilmu_a_ca077.shp,AREASYMBOL,-1,-1,E:\SSURGO_WSS_2020\SSR2_CONUS\soil_ca686\spatial\soilmu_a_ca686.shp,AREASYMBOL,-1,-1,E:\SSURGO_WSS_2020\SSR2_CONUS\soil_ca630\spatial\soilmu_a_ca630.shp,AREASYMBOL,-1,-1,E:\SSURGO_WSS_2020\SSR2_CONUS\soil_ca632\spatial\soilmu_a_ca632.shp,AREASYMBOL,-1,-1,E:\SSURGO_WSS_2020\SSR2_CONUS\soil_ca731\spatial\soilmu_a_ca731.shp,AREASYMBOL,-1,-1,E:\SSURGO_WSS_2020\SSR2_CONUS\soil_ca644\spatial\soilmu_a_ca644.shp,AREASYMBOL,-1,-1,E:\SSURGO_WSS_2020\SSR2_CONUS\soil_ca790\spatial\soilmu_a_ca790.shp,AREASYMBOL,-1,-1,E:\SSURGO_WSS_2020\SSR2_CONUS\soil_ca649\spatial\soilmu_a_ca649.shp,AREASYMBOL,-1,-1,E:\SSURGO_WSS_2020\SSR2_CONUS\soil_ca648\spatial\soilmu_a_ca648.shp,AREASYMBOL,-1,-1,E:\SSURGO_WSS_2020\SSR2_CONUS\soil_ca651\spatial\soilmu_a_ca651.shp,AREASYMBOL,-1,-1,E:\SSURGO_WSS_2020\SSR2_CONUS\soil_ca750\spatial\soilmu_a_ca750.shp,AREASYMBOL,-1,-1,E:\SSURGO_WSS_2020\SSR2_CONUS\soil_ca763\spatial\soilmu_a_ca763.shp,AREASYMBOL,-1,-1,E:\SSURGO_WSS_2020\SSR2_CONUS\soil_ca740\spatial\soilmu_a_ca740.shp,AREASYMBOL,-1,-1,E:\SSURGO_WSS_2020\SSR2_CONUS\soil_ca802\spatial\soilmu_a_ca802.shp,AREASYMBOL,-1,-1,E:\SSURGO_WSS_2020\SSR2_CONUS\soil_ca654\spatial\soilmu_a_ca654.shp,AREASYMBOL,-1,-1,E:\SSURGO_WSS_2020\SSR2_CONUS\soil_ca732\spatial\soilmu_a_ca732.shp,AREASYMBOL,-1,-1,E:\SSURGO_WSS_2020\SSR2_CONUS\soil_ca792\spatial\soilmu_a_ca792.shp,AREASYMBOL,-1,-1,E:\SSURGO_WSS_2020\SSR2_CONUS\soil_ca659\spatial\soilmu_a_ca659.shp,AREASYMBOL,-1,-1,E:\SSURGO_WSS_2020\SSR2_CONUS\soil_ca660\spatial\soilmu_a_ca660.shp,AREASYMBOL,-1,-1,E:\SSURGO_WSS_2020\SSR2_CONUS\soil_ca760\spatial\soilmu_a_ca760.shp,AREASYMBOL,-1,-1,E:\SSURGO_WSS_2020\SSR2_CONUS\soil_ca663\spatial\soilmu_a_ca663.shp,AREASYMBOL,-1,-1,E:\SSURGO_WSS_2020\SSR2_CONUS\soil_ca666\spatial\soilmu_a_ca666.shp,AREASYMBOL,-1,-1,E:\SSURGO_WSS_2020\SSR2_CONUS\soil_ca668\spatial\soilmu_a_ca668.shp,AREASYMBOL,-1,-1,E:\SSURGO_WSS_2020\SSR2_CONUS\soil_ca772\spatial\soilmu_a_ca772.shp,AREASYMBOL,-1,-1,E:\SSURGO_WSS_2020\SSR2_CONUS\soil_ca691\spatial\soilmu_a_ca691.shp,AREASYMBOL,-1,-1,E:\SSURGO_WSS_2020\SSR2_CONUS\soil_ca682\spatial\soilmu_a_ca682.shp,AREASYMBOL,-1,-1,E:\SSURGO_WSS_2020\SSR2_CONUS\soil_ca670\spatial\soilmu_a_ca670.shp,AREASYMBOL,-1,-1,E:\SSURGO_WSS_2020\SSR2_CONUS\soil_ca675\spatial\soilmu_a_ca675.shp,AREASYMBOL,-1,-1,E:\SSURGO_WSS_2020\SSR2_CONUS\soil_ca776\spatial\soilmu_a_ca776.shp,AREASYMBOL,-1,-1;SPATIALVER "SPATIALVER" true true false 10 Long 0 10 ,First,#,E:\SSURGO_WSS_2020\SSR2_CONUS\soil_ca789\spatial\soilmu_a_ca789.shp,SPATIALVER,-1,-1,E:\SSURGO_WSS_2020\SSR2_CONUS\soil_ca645\spatial\soilmu_a_ca645.shp,SPATIALVER,-1,-1,E:\SSURGO_WSS_2020\SSR2_CONUS\soil_ca708\spatial\soilmu_a_ca708.shp,SPATIALVER,-1,-1,E:\SSURGO_WSS_2020\SSR2_CONUS\soil_ca608\spatial\soilmu_a_ca608.shp,SPATIALVER,-1,-1,E:\SSURGO_WSS_2020\SSR2_CONUS\soil_nv771\spatial\soilmu_a_nv771.shp,SPATIALVER,-1,-1,E:\SSURGO_WSS_2020\SSR2_CONUS\soil_ca612\spatial\soilmu_a_ca612.shp,SPATIALVER,-1,-1,E:\SSURGO_WSS_2020\SSR2_CONUS\soil_ca713\spatial\soilmu_a_ca713.shp,SPATIALVER,-1,-1,E:\SSURGO_WSS_2020\SSR2_CONUS\soil_ca614\spatial\soilmu_a_ca614.shp,SPATIALVER,-1,-1,E:\SSURGO_WSS_2020\SSR2_CONUS\soil_ca618\spatial\soilmu_a_ca618.shp,SPATIALVER,-1,-1,E:\SSURGO_WSS_2020\SSR2_CONUS\soil_ca101\spatial\soilmu_a_ca101.shp,SPATIALVER,-1,-1,E:\SSURGO_WSS_2020\SSR2_CONUS\soil_ca619\spatial\soilmu_a_ca619.shp,SPATIALVER,-1,-1,E:\SSURGO_WSS_2020\SSR2_CONUS\soil_ca719\spatial\soilmu_a_ca719.shp,SPATIALVER,-1,-1,E:\SSURGO_WSS_2020\SSR2_CONUS\soil_nv628\spatial\soilmu_a_nv628.shp,SPATIALVER,-1,-1,E:\SSURGO_WSS_2020\SSR2_CONUS\soil_ca620\spatial\soilmu_a_ca620.shp,SPATIALVER,-1,-1,E:\SSURGO_WSS_2020\SSR2_CONUS\soil_nv772\spatial\soilmu_a_nv772.shp,SPATIALVER,-1,-1,E:\SSURGO_WSS_2020\SSR2_CONUS\soil_nv629\spatial\soilmu_a_nv629.shp,SPATIALVER,-1,-1,E:\SSURGO_WSS_2020\SSR2_CONUS\soil_ca693\spatial\soilmu_a_ca693.shp,SPATIALVER,-1,-1,E:\SSURGO_WSS_2020\SSR2_CONUS\soil_ca624\spatial\soilmu_a_ca624.shp,SPATIALVER,-1,-1,E:\SSURGO_WSS_2020\SSR2_CONUS\soil_ca724\spatial\soilmu_a_ca724.shp,SPATIALVER,-1,-1,E:\SSURGO_WSS_2020\SSR2_CONUS\soil_ca067\spatial\soilmu_a_ca067.shp,SPATIALVER,-1,-1,E:\SSURGO_WSS_2020\SSR2_CONUS\soil_nv625\spatial\soilmu_a_nv625.shp,SPATIALVER,-1,-1,E:\SSURGO_WSS_2020\SSR2_CONUS\soil_nv773\spatial\soilmu_a_nv773.shp,SPATIALVER,-1,-1,E:\SSURGO_WSS_2020\SSR2_CONUS\soil_ca628\spatial\soilmu_a_ca628.shp,SPATIALVER,-1,-1,E:\SSURGO_WSS_2020\SSR2_CONUS\soil_ca729\spatial\soilmu_a_ca729.shp,SPATIALVER,-1,-1,E:\SSURGO_WSS_2020\SSR2_CONUS\soil_ca077\spatial\soilmu_a_ca077.shp,SPATIALVER,-1,-1,E:\SSURGO_WSS_2020\SSR2_CONUS\soil_ca686\spatial\soilmu_a_ca686.shp,SPATIALVER,-1,-1,E:\SSURGO_WSS_2020\SSR2_CONUS\soil_ca630\spatial\soilmu_a_ca630.shp,SPATIALVER,-1,-1,E:\SSURGO_WSS_2020\SSR2_CONUS\soil_ca632\spatial\soilmu_a_ca632.shp,SPATIALVER,-1,-1,E:\SSURGO_WSS_2020\SSR2_CONUS\soil_ca731\spatial\soilmu_a_ca731.shp,SPATIALVER,-1,-1,E:\SSURGO_WSS_2020\SSR2_CONUS\soil_ca644\spatial\soilmu_a_ca644.shp,SPATIALVER,-1,-1,E:\SSURGO_WSS_2020\SSR2_CONUS\soil_ca790\spatial\soilmu_a_ca790.shp,SPATIALVER,-1,-1,E:\SSURGO_WSS_2020\SSR2_CONUS\soil_ca649\spatial\soilmu_a_ca649.shp,SPATIALVER,-1,-1,E:\SSURGO_WSS_2020\SSR2_CONUS\soil_ca648\spatial\soilmu_a_ca648.shp,SPATIALVER,-1,-1,E:\SSURGO_WSS_2020\SSR2_CONUS\soil_ca651\spatial\soilmu_a_ca651.shp,SPATIALVER,-1,-1,E:\SSURGO_WSS_2020\SSR2_CONUS\soil_ca750\spatial\soilmu_a_ca750.shp,SPATIALVER,-1,-1,E:\SSURGO_WSS_2020\SSR2_CONUS\soil_ca763\spatial\soilmu_a_ca763.shp,SPATIALVER,-1,-1,E:\SSURGO_WSS_2020\SSR2_CONUS\soil_ca740\spatial\soilmu_a_ca740.shp,SPATIALVER,-1,-1,E:\SSURGO_WSS_2020\SSR2_CONUS\soil_ca802\spatial\soilmu_a_ca802.shp,SPATIALVER,-1,-1,E:\SSURGO_WSS_2020\SSR2_CONUS\soil_ca654\spatial\soilmu_a_ca654.shp,SPATIALVER,-1,-1,E:\SSURGO_WSS_2020\SSR2_CONUS\soil_ca732\spatial\soilmu_a_ca732.shp,SPATIALVER,-1,-1,E:\SSURGO_WSS_2020\SSR2_CONUS\soil_ca792\spatial\soilmu_a_ca792.shp,SPATIALVER,-1,-1,E:\SSURGO_WSS_2020\SSR2_CONUS\soil_ca659\spatial\soilmu_a_ca659.shp,SPATIALVER,-1,-1,E:\SSURGO_WSS_2020\SSR2_CONUS\soil_ca660\spatial\soilmu_a_ca660.shp,SPATIALVER,-1,-1,E:\SSURGO_WSS_2020\SSR2_CONUS\soil_ca760\spatial\soilmu_a_ca760.shp,SPATIALVER,-1,-1,E:\SSURGO_WSS_2020\SSR2_CONUS\soil_ca663\spatial\soilmu_a_ca663.shp,SPATIALVER,-1,-1,E:\SSURGO_WSS_2020\SSR2_CONUS\soil_ca666\spatial\soilmu_a_ca666.shp,SPATIALVER,-1,-1,E:\SSURGO_WSS_2020\SSR2_CONUS\soil_ca668\spatial\soilmu_a_ca668.shp,SPATIALVER,-1,-1,E:\SSURGO_WSS_2020\SSR2_CONUS\soil_ca772\spatial\soilmu_a_ca772.shp,SPATIALVER,-1,-1,E:\SSURGO_WSS_2020\SSR2_CONUS\soil_ca691\spatial\soilmu_a_ca691.shp,SPATIALVER,-1,-1,E:\SSURGO_WSS_2020\SSR2_CONUS\soil_ca682\spatial\soilmu_a_ca682.shp,SPATIALVER,-1,-1,E:\SSURGO_WSS_2020\SSR2_CONUS\soil_ca670\spatial\soilmu_a_ca670.shp,SPATIALVER,-1,-1,E:\SSURGO_WSS_2020\SSR2_CONUS\soil_ca675\spatial\soilmu_a_ca675.shp,SPATIALVER,-1,-1,E:\SSURGO_WSS_2020\SSR2_CONUS\soil_ca776\spatial\soilmu_a_ca776.shp,SPATIALVER,-1,-1;MUSYM "MUSYM" true true false 6 Text 0 0 ,First,#,E:\SSURGO_WSS_2020\SSR2_CONUS\soil_ca789\spatial\soilmu_a_ca789.shp,MUSYM,-1,-1,E:\SSURGO_WSS_2020\SSR2_CONUS\soil_ca645\spatial\soilmu_a_ca645.shp,MUSYM,-1,-1,E:\SSURGO_WSS_2020\SSR2_CONUS\soil_ca708\spatial\soilmu_a_ca708.shp,MUSYM,-1,-1,E:\SSURGO_WSS_2020\SSR2_CONUS\soil_ca608\spatial\soilmu_a_ca608.shp,MUSYM,-1,-1,E:\SSURGO_WSS_2020\SSR2_CONUS\soil_nv771\spatial\soilmu_a_nv771.shp,MUSYM,-1,-1,E:\SSURGO_WSS_2020\SSR2_CONUS\soil_ca612\spatial\soilmu_a_ca612.shp,MUSYM,-1,-1,E:\SSURGO_WSS_2020\SSR2_CONUS\soil_ca713\spatial\soilmu_a_ca713.shp,MUSYM,-1,-1,E:\SSURGO_WSS_2020\SSR2_CONUS\soil_ca614\spatial\soilmu_a_ca614.shp,MUSYM,-1,-1,E:\SSURGO_WSS_2020\SSR2_CONUS\soil_ca618\spatial\soilmu_a_ca618.shp,MUSYM,-1,-1,E:\SSURGO_WSS_2020\SSR2_CONUS\soil_ca101\spatial\soilmu_a_ca101.shp,MUSYM,-1,-1,E:\SSURGO_WSS_2020\SSR2_CONUS\soil_ca619\spatial\soilmu_a_ca619.shp,MUSYM,-1,-1,E:\SSURGO_WSS_2020\SSR2_CONUS\soil_ca719\spatial\soilmu_a_ca719.shp,MUSYM,-1,-1,E:\SSURGO_WSS_2020\SSR2_CONUS\soil_nv628\spatial\soilmu_a_nv628.shp,MUSYM,-1,-1,E:\SSURGO_WSS_2020\SSR2_CONUS\soil_ca620\spatial\soilmu_a_ca620.shp,MUSYM,-1,-1,E:\SSURGO_WSS_2020\SSR2_CONUS\soil_nv772\spatial\soilmu_a_nv772.shp,MUSYM,-1,-1,E:\SSURGO_WSS_2020\SSR2_CONUS\soil_nv629\spatial\soilmu_a_nv629.shp,MUSYM,-1,-1,E:\SSURGO_WSS_2020\SSR2_CONUS\soil_ca693\spatial\soilmu_a_ca693.shp,MUSYM,-1,-1,E:\SSURGO_WSS_2020\SSR2_CONUS\soil_ca624\spatial\soilmu_a_ca624.shp,MUSYM,-1,-1,E:\SSURGO_WSS_2020\SSR2_CONUS\soil_ca724\spatial\soilmu_a_ca724.shp,MUSYM,-1,-1,E:\SSURGO_WSS_2020\SSR2_CONUS\soil_ca067\spatial\soilmu_a_ca067.shp,MUSYM,-1,-1,E:\SSURGO_WSS_2020\SSR2_CONUS\soil_nv625\spatial\soilmu_a_nv625.shp,MUSYM,-1,-1,E:\SSURGO_WSS_2020\SSR2_CONUS\soil_nv773\spatial\soilmu_a_nv773.shp,MUSYM,-1,-1,E:\SSURGO_WSS_2020\SSR2_CONUS\soil_ca628\spatial\soilmu_a_ca628.shp,MUSYM,-1,-1,E:\SSURGO_WSS_2020\SSR2_CONUS\soil_ca729\spatial\soilmu_a_ca729.shp,MUSYM,-1,-1,E:\SSURGO_WSS_2020\SSR2_CONUS\soil_ca077\spatial\soilmu_a_ca077.shp,MUSYM,-1,-1,E:\SSURGO_WSS_2020\SSR2_CONUS\soil_ca686\spatial\soilmu_a_ca686.shp,MUSYM,-1,-1,E:\SSURGO_WSS_2020\SSR2_CONUS\soil_ca630\spatial\soilmu_a_ca630.shp,MUSYM,-1,-1,E:\SSURGO_WSS_2020\SSR2_CONUS\soil_ca632\spatial\soilmu_a_ca632.shp,MUSYM,-1,-1,E:\SSURGO_WSS_2020\SSR2_CONUS\soil_ca731\spatial\soilmu_a_ca731.shp,MUSYM,-1,-1,E:\SSURGO_WSS_2020\SSR2_CONUS\soil_ca644\spatial\soilmu_a_ca644.shp,MUSYM,-1,-1,E:\SSURGO_WSS_2020\SSR2_CONUS\soil_ca790\spatial\soilmu_a_ca790.shp,MUSYM,-1,-1,E:\SSURGO_WSS_2020\SSR2_CONUS\soil_ca649\spatial\soilmu_a_ca649.shp,MUSYM,-1,-1,E:\SSURGO_WSS_2020\SSR2_CONUS\soil_ca648\spatial\soilmu_a_ca648.shp,MUSYM,-1,-1,E:\SSURGO_WSS_2020\SSR2_CONUS\soil_ca651\spatial\soilmu_a_ca651.shp,MUSYM,-1,-1,E:\SSURGO_WSS_2020\SSR2_CONUS\soil_ca750\spatial\soilmu_a_ca750.shp,MUSYM,-1,-1,E:\SSURGO_WSS_2020\SSR2_CONUS\soil_ca763\spatial\soilmu_a_ca763.shp,MUSYM,-1,-1,E:\SSURGO_WSS_2020\SSR2_CONUS\soil_ca740\spatial\soilmu_a_ca740.shp,MUSYM,-1,-1,E:\SSURGO_WSS_2020\SSR2_CONUS\soil_ca802\spatial\soilmu_a_ca802.shp,MUSYM,-1,-1,E:\SSURGO_WSS_2020\SSR2_CONUS\soil_ca654\spatial\soilmu_a_ca654.shp,MUSYM,-1,-1,E:\SSURGO_WSS_2020\SSR2_CONUS\soil_ca732\spatial\soilmu_a_ca732.shp,MUSYM,-1,-1,E:\SSURGO_WSS_2020\SSR2_CONUS\soil_ca792\spatial\soilmu_a_ca792.shp,MUSYM,-1,-1,E:\SSURGO_WSS_2020\SSR2_CONUS\soil_ca659\spatial\soilmu_a_ca659.shp,MUSYM,-1,-1,E:\SSURGO_WSS_2020\SSR2_CONUS\soil_ca660\spatial\soilmu_a_ca660.shp,MUSYM,-1,-1,E:\SSURGO_WSS_2020\SSR2_CONUS\soil_ca760\spatial\soilmu_a_ca760.shp,MUSYM,-1,-1,E:\SSURGO_WSS_2020\SSR2_CONUS\soil_ca663\spatial\soilmu_a_ca663.shp,MUSYM,-1,-1,E:\SSURGO_WSS_2020\SSR2_CONUS\soil_ca666\spatial\soilmu_a_ca666.shp,MUSYM,-1,-1,E:\SSURGO_WSS_2020\SSR2_CONUS\soil_ca668\spatial\soilmu_a_ca668.shp,MUSYM,-1,-1,E:\SSURGO_WSS_2020\SSR2_CONUS\soil_ca772\spatial\soilmu_a_ca772.shp,MUSYM,-1,-1,E:\SSURGO_WSS_2020\SSR2_CONUS\soil_ca691\spatial\soilmu_a_ca691.shp,MUSYM,-1,-1,E:\SSURGO_WSS_2020\SSR2_CONUS\soil_ca682\spatial\soilmu_a_ca682.shp,MUSYM,-1,-1,E:\SSURGO_WSS_2020\SSR2_CONUS\soil_ca670\spatial\soilmu_a_ca670.shp,MUSYM,-1,-1,E:\SSURGO_WSS_2020\SSR2_CONUS\soil_ca675\spatial\soilmu_a_ca675.shp,MUSYM,-1,-1,E:\SSURGO_WSS_2020\SSR2_CONUS\soil_ca776\spatial\soilmu_a_ca776.shp,MUSYM,-1,-1;MUKEY "MUKEY" true true false 30 Text 0 0 ,First,#,E:\SSURGO_WSS_2020\SSR2_CONUS\soil_ca789\spatial\soilmu_a_ca789.shp,MUKEY,-1,-1,E:\SSURGO_WSS_2020\SSR2_CONUS\soil_ca645\spatial\soilmu_a_ca645.shp,MUKEY,-1,-1,E:\SSURGO_WSS_2020\SSR2_CONUS\soil_ca708\spatial\soilmu_a_ca708.shp,MUKEY,-1,-1,E:\SSURGO_WSS_2020\SSR2_CONUS\soil_ca608\spatial\soilmu_a_ca608.shp,MUKEY,-1,-1,E:\SSURGO_WSS_2020\SSR2_CONUS\soil_nv771\spatial\soilmu_a_nv771.shp,MUKEY,-1,-1,E:\SSURGO_WSS_2020\SSR2_CONUS\soil_ca612\spatial\soilmu_a_ca612.shp,MUKEY,-1,-1,E:\SSURGO_WSS_2020\SSR2_CONUS\soil_ca713\spatial\soilmu_a_ca713.shp,MUKEY,-1,-1,E:\SSURGO_WSS_2020\SSR2_CONUS\soil_ca614\spatial\soilmu_a_ca614.shp,MUKEY,-1,-1,E:\SSURGO_WSS_2020\SSR2_CONUS\soil_ca618\spatial\soilmu_a_ca618.shp,MUKEY,-1,-1,E:\SSURGO_WSS_2020\SSR2_CONUS\soil_ca101\spatial\soilmu_a_ca101.shp,MUKEY,-1,-1,E:\SSURGO_WSS_2020\SSR2_CONUS\soil_ca619\spatial\soilmu_a_ca619.shp,MUKEY,-1,-1,E:\SSURGO_WSS_2020\SSR2_CONUS\soil_ca719\spatial\soilmu_a_ca719.shp,MUKEY,-1,-1,E:\SSURGO_WSS_2020\SSR2_CONUS\soil_nv628\spatial\soilmu_a_nv628.shp,MUKEY,-1,-1,E:\SSURGO_WSS_2020\SSR2_CONUS\soil_ca620\spatial\soilmu_a_ca620.shp,MUKEY,-1,-1,E:\SSURGO_WSS_2020\SSR2_CONUS\soil_nv772\spatial\soilmu_a_nv772.shp,MUKEY,-1,-1,E:\SSURGO_WSS_2020\SSR2_CONUS\soil_nv629\spatial\soilmu_a_nv629.shp,MUKEY,-1,-1,E:\SSURGO_WSS_2020\SSR2_CONUS\soil_ca693\spatial\soilmu_a_ca693.shp,MUKEY,-1,-1,E:\SSURGO_WSS_2020\SSR2_CONUS\soil_ca624\spatial\soilmu_a_ca624.shp,MUKEY,-1,-1,E:\SSURGO_WSS_2020\SSR2_CONUS\soil_ca724\spatial\soilmu_a_ca724.shp,MUKEY,-1,-1,E:\SSURGO_WSS_2020\SSR2_CONUS\soil_ca067\spatial\soilmu_a_ca067.shp,MUKEY,-1,-1,E:\SSURGO_WSS_2020\SSR2_CONUS\soil_nv625\spatial\soilmu_a_nv625.shp,MUKEY,-1,-1,E:\SSURGO_WSS_2020\SSR2_CONUS\soil_nv773\spatial\soilmu_a_nv773.shp,MUKEY,-1,-1,E:\SSURGO_WSS_2020\SSR2_CONUS\soil_ca628\spatial\soilmu_a_ca628.shp,MUKEY,-1,-1,E:\SSURGO_WSS_2020\SSR2_CONUS\soil_ca729\spatial\soilmu_a_ca729.shp,MUKEY,-1,-1,E:\SSURGO_WSS_2020\SSR2_CONUS\soil_ca077\spatial\soilmu_a_ca077.shp,MUKEY,-1,-1,E:\SSURGO_WSS_2020\SSR2_CONUS\soil_ca686\spatial\soilmu_a_ca686.shp,MUKEY,-1,-1,E:\SSURGO_WSS_2020\SSR2_CONUS\soil_ca630\spatial\soilmu_a_ca630.shp,MUKEY,-1,-1,E:\SSURGO_WSS_2020\SSR2_CONUS\soil_ca632\spatial\soilmu_a_ca632.shp,MUKEY,-1,-1,E:\SSURGO_WSS_2020\SSR2_CONUS\soil_ca731\spatial\soilmu_a_ca731.shp,MUKEY,-1,-1,E:\SSURGO_WSS_2020\SSR2_CONUS\soil_ca644\spatial\soilmu_a_ca644.shp,MUKEY,-1,-1,E:\SSURGO_WSS_2020\SSR2_CONUS\soil_ca790\spatial\soilmu_a_ca790.shp,MUKEY,-1,-1,E:\SSURGO_WSS_2020\SSR2_CONUS\soil_ca649\spatial\soilmu_a_ca649.shp,MUKEY,-1,-1,E:\SSURGO_WSS_2020\SSR2_CONUS\soil_ca648\spatial\soilmu_a_ca648.shp,MUKEY,-1,-1,E:\SSURGO_WSS_2020\SSR2_CONUS\soil_ca651\spatial\soilmu_a_ca651.shp,MUKEY,-1,-1,E:\SSURGO_WSS_2020\SSR2_CONUS\soil_ca750\spatial\soilmu_a_ca750.shp,MUKEY,-1,-1,E:\SSURGO_WSS_2020\SSR2_CONUS\soil_ca763\spatial\soilmu_a_ca763.shp,MUKEY,-1,-1,E:\SSURGO_WSS_2020\SSR2_CONUS\soil_ca740\spatial\soilmu_a_ca740.shp,MUKEY,-1,-1,E:\SSURGO_WSS_2020\SSR2_CONUS\soil_ca802\spatial\soilmu_a_ca802.shp,MUKEY,-1,-1,E:\SSURGO_WSS_2020\SSR2_CONUS\soil_ca654\spatial\soilmu_a_ca654.shp,MUKEY,-1,-1,E:\SSURGO_WSS_2020\SSR2_CONUS\soil_ca732\spatial\soilmu_a_ca732.shp,MUKEY,-1,-1,E:\SSURGO_WSS_2020\SSR2_CONUS\soil_ca792\spatial\soilmu_a_ca792.shp,MUKEY,-1,-1,E:\SSURGO_WSS_2020\SSR2_CONUS\soil_ca659\spatial\soilmu_a_ca659.shp,MUKEY,-1,-1,E:\SSURGO_WSS_2020\SSR2_CONUS\soil_ca660\spatial\soilmu_a_ca660.shp,MUKEY,-1,-1,E:\SSURGO_WSS_2020\SSR2_CONUS\soil_ca760\spatial\soilmu_a_ca760.shp,MUKEY,-1,-1,E:\SSURGO_WSS_2020\SSR2_CONUS\soil_ca663\spatial\soilmu_a_ca663.shp,MUKEY,-1,-1,E:\SSURGO_WSS_2020\SSR2_CONUS\soil_ca666\spatial\soilmu_a_ca666.shp,MUKEY,-1,-1,E:\SSURGO_WSS_2020\SSR2_CONUS\soil_ca668\spatial\soilmu_a_ca668.shp,MUKEY,-1,-1,E:\SSURGO_WSS_2020\SSR2_CONUS\soil_ca772\spatial\soilmu_a_ca772.shp,MUKEY,-1,-1,E:\SSURGO_WSS_2020\SSR2_CONUS\soil_ca691\spatial\soilmu_a_ca691.shp,MUKEY,-1,-1,E:\SSURGO_WSS_2020\SSR2_CONUS\soil_ca682\spatial\soilmu_a_ca682.shp,MUKEY,-1,-1,E:\SSURGO_WSS_2020\SSR2_CONUS\soil_ca670\spatial\soilmu_a_ca670.shp,MUKEY,-1,-1,E:\SSURGO_WSS_2020\SSR2_CONUS\soil_ca675\spatial\soilmu_a_ca675.shp,MUKEY,-1,-1,E:\SSURGO_WSS_2020\SSR2_CONUS\soil_ca776\spatial\soilmu_a_ca776.shp,MUKEY,-1,-1"</Process><Process ToolSource="c:\program files (x86)\arcgis\desktop10.7\ArcToolbox\Toolboxes\Data Management Tools.tbx\AddIndex" Date="20191018" Time="094911">AddIndex E:\SSURGO_MSSO_Datasets_FY2020\MLRA_2_SON_FY20.gdb\MUPOLYGON AREASYMBOL IDX_AREASYMBOL NON_UNIQUE ASCENDING</Process><Process ToolSource="c:\program files (x86)\arcgis\desktop10.7\ArcToolbox\Toolboxes\Data Management Tools.tbx\AddIndex" Date="20191018" Time="094917">AddIndex E:\SSURGO_MSSO_Datasets_FY2020\MLRA_2_SON_FY20.gdb\MUPOLYGON MUSYM IDX_MUSYM NON_UNIQUE ASCENDING</Process><Process ToolSource="c:\program files (x86)\arcgis\desktop10.7\ArcToolbox\Toolboxes\Data Management Tools.tbx\AddField" Date="20191018" Time="111427">AddField E:\SSURGO_MSSO_Datasets_FY2020\MLRA_2_SON_FY20.gdb\MUPOLYGON MUNAME TEXT # # 175 "Mapunit Name" NULLABLE NON_REQUIRED #</Process><Process ToolSource="c:\program files (x86)\arcgis\desktop10.7\ArcToolbox\Toolboxes\Data Management Tools.tbx\AddField" Date="20191018" Time="111436">AddField E:\SSURGO_MSSO_Datasets_FY2020\MLRA_2_SON_FY20.gdb\MUPOLYGON NATMUSYM TEXT # # 23 "National MU Symbol" NULLABLE NON_REQUIRED #</Process></lineage></DataProperties><SyncDate>20191018</SyncDate><SyncTime>09475200</SyncTime><ModDate>20191018</ModDate><ModTime>09475200</ModTime></Esri><mdLang><languageCode value="eng"/><countryCode value="USA" Sync="TRUE"></countryCode></mdLang><mdChar><CharSetCd value="004"/></mdChar><mdHrLv><ScopeCd value="005"/></mdHrLv><mdContact><rpOrgName>U.S. Department of Agriculture, Natural Resources Conservation Service</rpOrgName><rpPosName>State Soil Scientist</rpPosName><rpCntInfo><cntPhone><voiceNum>(530) 792-5656</voiceNum><voiceNum tddtty="True">800-877-8339</voiceNum><faxNum>(530) 792-5794</faxNum></cntPhone><cntAddress addressType="postal"><delPoint>430 G Street</delPoint><delPoint>MLRA Soil Survey Office</delPoint><delPoint>USDA-NRCS</delPoint><city>Davis</city><adminArea>CA</adminArea><postCode>95616</postCode><eMailAdd>tony.rolfes@ca.usda.gov</eMailAdd></cntAddress></rpCntInfo><role><RoleCd value="007"/></role></mdContact><mdDateSt Sync="TRUE">20191018</mdDateSt><mdStanName>ArcGIS Metadata</mdStanName><mdStanVer>1.0</mdStanVer><distInfo><distributor><distorCont><rpOrgName>U.S. Department of Agriculture, Natural Resources Conservation Service, National Geospatial Center of Excellence</rpOrgName><rpCntInfo><cntPhone><voiceNum>800 672 5559</voiceNum><voiceNum tddtty="True">202 720 2600</voiceNum><faxNum>817 509 3469</faxNum></cntPhone><cntAddress addressType="both"><delPoint>501 West Felix Street, Building 23</delPoint><city>Fort Worth</city><adminArea>Texas</adminArea><postCode>76115</postCode></cntAddress></rpCntInfo><role><RoleCd value="005"/></role></distorCont><distorOrdPrc><resFees>There is currently no direct charge for requesting data or for retrieval via FTP.</resFees><ordInstr>Visit the above mentioned Internet Web Site, select state or territory, then select individual soil survey area of interest. Spatial line data and locations of special feature symbols are in ESRI ArcGIS shapefile, format. The National Soil Information System attribute soil data are available in variable length, pipe delimited, ASCII file format.</ordInstr><ordTurn>Typically within four hours</ordTurn></distorOrdPrc><distorFormat><formatName>ESRI shapefile</formatName><formatInfo>spatial</formatInfo></distorFormat><distorTran><transSize>2.7</transSize><onLineSrc><linkage>URL:http://DataGateway.nrcs.usda.gov/</linkage><orDesc>Select desired survey area at above Internet Web site. An email address is required for receipt of instructions on retrieval via anonymous FTP. Anticipate a delay between submission of request at Web site and receipt of email message.</orDesc></onLineSrc></distorTran><distorTran><onLineSrc><orDesc>Lassen Volcanic National Park, California SSURGO</orDesc></onLineSrc></distorTran></distributor><distTranOps><onLineSrc><linkage>https://websoilsurvey.sc.egov.usda.gov/</linkage></onLineSrc><transSize Sync="TRUE">2.558</transSize></distTranOps><distFormat><formatName Sync="TRUE">File Geodatabase Feature Class</formatName></distFormat></distInfo><dataIdInfo><idCitation><resTitle Sync="TRUE">MUPOLYGON</resTitle><date><pubDate>2019-09-16</pubDate></date><citRespParty><rpOrgName>U.S. Department of Agriculture, Natural Resources Conservation Service</rpOrgName><rpCntInfo><cntAddress><delPoint>Fort Worth, Texas</delPoint></cntAddress></rpCntInfo><role><RoleCd value="010"/></role></citRespParty><citRespParty><rpOrgName>U.S. Department of Agriculture, Natural Resources Conservation Service</rpOrgName><role><RoleCd value="006"/></role></citRespParty><otherCitDet>ca789</otherCitDet><presForm><PresFormCd value="005" Sync="TRUE"></PresFormCd></presForm></idCitation><idAbs>This data set is a digital soil survey and generally is the most detailed level of soil geographic data developed by the National Cooperative Soil Survey. The information was prepared by digitizing maps, by compiling information onto a planimetric correct base and digitizing, or by revising digitized maps using remotely sensed and other information. This data set consists of georeferenced digital map data and computerized attribute data. The map data are in a soil survey area extent format and include a detailed, field verified inventory of soils and miscellaneous areas that normally occur in a repeatable pattern on the landscape and that can be cartographically shown at the scale mapped. A special soil features layer (point and line features) is optional. This layer displays the location of features too small to delineate at the mapping scale, but they are large enough and contrasting enough to significantly influence use and management. The soil map units are linked to attributes in the National Soil Information System relational database, which gives the proportionate extent of the component soils and their properties.</idAbs><idPurp>SSURGO depicts information about the kinds and distribution of soils on the landscape. The soil map and data used in the SSURGO product were prepared by soil scientists as part of the National Cooperative Soil Survey.</idPurp><idStatus><ProgCd value="001"/></idStatus><idPoC><rpOrgName>U.S. Department of Agriculture, Natural Resources Conservation Service</rpOrgName><rpPosName>State Soil Scientist</rpPosName><rpCntInfo><cntPhone><voiceNum>(530) 792-5656</voiceNum><voiceNum tddtty="True">800-877-8339</voiceNum><faxNum>(530) 792-5794</faxNum></cntPhone><cntAddress addressType="postal"><delPoint>USDA-NRCS</delPoint><delPoint>MLRA Soil Survey Office</delPoint><delPoint>430 G Street</delPoint><city>Davis</city><adminArea>CA</adminArea><postCode>95616</postCode><eMailAdd>tony.rolfes@ca.usda.gov</eMailAdd></cntAddress></rpCntInfo><role><RoleCd value="007"/></role></idPoC><resMaint><maintFreq><MaintFreqCd value="009"/></maintFreq></resMaint><placeKeys><keyword>Manzanita Lake Quadrangle</keyword><keyword>Reading Peak Quadrangle</keyword><keyword>Plumas County</keyword><keyword>Lassen Peak Quadrangle</keyword><keyword>Tehama County</keyword><keyword>Mount Harkness Quadrangle</keyword><keyword>Red Cinder Quadrangle</keyword><keyword>Shasta County</keyword><keyword>California</keyword><keyword>Lassen County</keyword><keyword>Bogard Buttes Quadrangle</keyword><keyword>Prospect Peak Quadrangle</keyword><keyword>West Prospect Peak Quadrangle</keyword><thesaName><resTitle>USGS Geographic Names Information System (GNIS)</resTitle></thesaName></placeKeys><themeKeys><keyword>Soil Survey Geographic</keyword><keyword>soils</keyword><keyword>soil survey</keyword><keyword>SSURGO</keyword></themeKeys><searchKeys><keyword>Manzanita Lake Quadrangle</keyword><keyword>Soil Survey Geographic</keyword><keyword>Reading Peak Quadrangle</keyword><keyword>Plumas County</keyword><keyword>Lassen Peak Quadrangle</keyword><keyword>Tehama County</keyword><keyword>Mount Harkness Quadrangle</keyword><keyword>Red Cinder Quadrangle</keyword><keyword>Shasta County</keyword><keyword>soils</keyword><keyword>California</keyword><keyword>Lassen County</keyword><keyword>soil survey</keyword><keyword>Bogard Buttes Quadrangle</keyword><keyword>SSURGO</keyword><keyword>Prospect Peak Quadrangle</keyword><keyword>West Prospect Peak Quadrangle</keyword></searchKeys><resConst><LegConsts><useLimit>Although these data have been processed successfully on a computer system at the U.S. Department of Agriculture, no warranty expressed or implied is made by the Agency regarding the utility of the data on any other system, nor shall the act of distribution constitute any such warranty. The U.S. Department of Agriculture will warrant the delivery of this product in computer readable format, and will offer appropriate adjustment of credit when the product is determined unreadable by correctly adjusted computer input peripherals, or when the physical medium is delivered in damaged condition. Request for adjustment of credit must be made within 90 days from the date of this shipment from the ordering site. The U.S. Department of Agriculture, nor any of its agencies are liable for misuse of the data, for damage, for transmission of viruses, or for computer contamination through the distribution of these data sets. The U.S. Department of Agriculture (USDA) prohibits discrimination in all its programs and activities on the basis of race, color, national origin, sex, religion, age, disability, political beliefs, sexual orientation, or marital or family status. (Not all prohibited bases apply to all programs.)</useLimit></LegConsts></resConst><resConst><Consts><useLimit>The U.S. Department of Agriculture, Natural Resources Conservation Service, should be acknowledged as the data source in products derived from these data. This data set is not designed for use as a primary regulatory tool in permitting or citing decisions, but may be used as a reference source. This is public information and may be interpreted by organizations, agencies, units of government, or others based on needs; however, they are responsible for the appropriate application. Federal, State, or local regulatory bodies are not to reassign to the Natural Resources Conservation Service any authority for the decisions that they make. The Natural Resources Conservation Service will not perform any evaluations of these maps for purposes related solely to State or local regulatory programs. Photographic or digital enlargement of these maps to scales greater than at which they were originally mapped can cause misinterpretation of the data. If enlarged, maps do not show the small areas of contrasting soils that could have been shown at a larger scale. The depicted soil boundaries, interpretations, and analysis derived from them do not eliminate the need for onsite sampling, testing, and detailed study of specific sites for intensive uses. Thus, these data and their interpretations are intended for planning purposes only. Digital data files are periodically updated. Files are dated, and users are responsible for obtaining the latest version of the data.</useLimit></Consts></resConst><spatRpType><SpatRepTypCd value="001"/></spatRpType><dataLang><languageCode value="eng"/><countryCode value="USA" Sync="TRUE"></countryCode></dataLang><dataExt><geoEle><GeoBndBox><westBL>-121.578</westBL><eastBL>-121.247</eastBL><southBL>40.409</southBL><northBL>40.585</northBL></GeoBndBox></geoEle></dataExt><dataExt><exDesc>publication date</exDesc><tempEle><TempExtent><exTemp><TM_Period><tmBegin>2009-07-31</tmBegin><tmEnd>2019-09-16</tmEnd></TM_Period></exTemp></TempExtent></tempEle><geoEle/></dataExt><suppInfo>Digital versions of hydrography, cultural features, and other associated layers that are not part of the SSURGO data set may be available from the primary organization listed in the Point of Contact.</suppInfo><envirDesc Sync="TRUE"> Version 6.2 (Build 9200) ; Esri ArcGIS 10.7.1.11595</envirDesc><dataExt><geoEle><GeoBndBox esriExtentType="search"><exTypeCode Sync="TRUE">1</exTypeCode><westBL Sync="TRUE">-121.577599</westBL><eastBL Sync="TRUE">-121.246720</eastBL><northBL Sync="TRUE">40.585052</northBL><southBL Sync="TRUE">40.409097</southBL></GeoBndBox></geoEle></dataExt></dataIdInfo><dqInfo><dqScope><scpLvl><ScopeCd value="005"/></scpLvl></dqScope><report type="DQTopConsis"><evalMethDesc>Certain node/geometry and topology GT- polygon/chain relationships are collected or generated to satisfy topological requirements (the GT-polygon corresponds to the soil delineation). Some of these requirements include: chains must begin and end at nodes, chains must connect to each other at nodes, chains do not extend through nodes, left and right GT-polygons are defined for each chain element and are consistent throughout, and the chains representing the limits of the file are free of gaps. The tests of logical consistency are performed using vendor software. All internal polygons are tested for closure with vendor software and are checked on hard copy plots. All data are checked for common soil lines (i.e., adjacent polygons with the same label). Edge locations generally do not deviate from centerline to centerline by more than 0.01 inch. The soil survey of The soil survey of Lassen Volcanic National Park, California has been joined to the certified soil surveys of Tehama County and Lassen National Forest Area, California, Parts of Lassen, Plumas, Butte, Shasta, and and Siskiyou Counties. An acceptable join has been obtained.</evalMethDesc></report><report type="DQConcConsis"><measDesc>Certain node/geometry and topology GT- polygon/chain relationships are collected or generated to satisfy topological requirements (the GT-polygon corresponds to the soil delineation). Some of these requirements include: chains must begin and end at nodes, chains must connect to each other at nodes, chains do not extend through nodes, left and right GT-polygons are defined for each chain element and are consistent throughout, and the chains representing the limits of the file are free of gaps. The tests of logical consistency are performed using vendor software. All internal polygons are tested for closure with vendor software and are checked on hard copy plots. All data are checked for common soil lines (i.e., adjacent polygons with the same label). Edge locations generally do not deviate from centerline to centerline by more than 0.01 inch. The soil survey of The soil survey of Lassen Volcanic National Park, California has been joined to the certified soil surveys of Tehama County and Lassen National Forest Area, California, Parts of Lassen, Plumas, Butte, Shasta, and and Siskiyou Counties. An acceptable join has been obtained.</measDesc></report><report type="DQCompOm"><measDesc>A map unit is a collection of areas defined and named in terms of their soil components or miscellaneous areas or both. Each map unit differs in some respect from all others in a survey area and each map unit has a symbol that uniquely identifies the map unit on a soil map. Each individual area, point, or line so identified on the map is a delineation. Soil Scientists identify small areas of soils or miscellaneous areas that have properties and behavior significantly different than the named soils in the surrounding map unit. These minor components may be indicated as special features. If they have a minimal effect on use and management, or could not be precisely located, they may not be indicated on the map. A map unit has specified kinds of soils or miscellaneous areas (map unit components), each with a designated range in proportionate extent. Map units include one or more kinds of soil or miscellaneous area. Miscellaneous areas are areas that have little or no recognizable soil. Specific National Cooperative Soil Survey standards and procedures were used in the classification of soils, design and name of map units, and location of special soil features. These standards are outlined in Agricultural Handbook 18, Soil Survey Manual, 1993, USDA, NRCS; Agricultural Handbook 436, Soil Taxonomy, 1995, USDA, NRCS; and all Amendments; Keys to Soil Taxonomy, (current issue) USDA, NRCS; National Soil Survey Handbook, title 430-VI,(current issue) USDA, NRCS. The actual composition and interpretive purity of the map unit delineations were based on data collected by scientists during the course of preparing the soil maps. Adherence to National Cooperative Soil Survey standards and procedures is based on peer review, quality control, and quality assurance. Quality control is outlined in the memorandum of understanding for the soil survey area and in documents that reside with the Natural Resources Conservation Service state soil scientist. Four kinds of map units are used in soil surveys: consociations, complexes, associations, and undifferentiated groups. Consociations - Consociations are named for the dominant soil. In a consociation, delineated areas use a single name from the dominant component in the map unit. Dissimilar components are minor in extent. The soil component in a consociation may be identified at any taxonomic level. Soil series is the lowest taxonomic level. A consociation that is named as a miscellaneous area is dominantly that kind of area and minor components do not significantly affect the use of the map unit. The total amount of dissimilar inclusions of other components in a map unit generally does not exceed about 15 percent if limiting and 25 percent if nonlimiting. A single component of a dissimilar limiting inclusion generally does not exceed 10 percent if very contrasting. Complexes and associations - Complexes and associations consist of two or more dissimilar components that occur in a regularly repeating pattern. The total amount of other dissimilar components is minor extent. The following arbitrary rule determines whether complex or association is used in the name. The major components of an association can be separated at the scale of mapping. In either case, because the major components are sufficiently different in morphology or behavior, the map unit cannot be called a consociation. In each delineation of a complex or an association, each major component is normally present though their proportions may vary appreciably from one delineation to another. The total amount of inclusions in a map unit that are dissimilar to any of the major components does not exceed 15 percent if limiting and 25 percent if nonlimiting. A single kind of dissimilar limiting inclusion usually does not exceed 10 percent. Undifferentiated groups - Undifferentiated groups consist of two or more components that are not consistently associated geographically and, therefore, do not always occur together in the same map delineation. These components are included in the same named map unit because their use and management are the same or very similar for common uses. Generally they are grouped together because some common feature, such as steepness, stoniness, or flooding, determines their use and management. If two or more additional map units would serve no useful purpose, they may be included in the same unit. Each delineation has at least one of the major components, and some may have all of them. The same principles regarding the proportion of minor components that apply to consociations also apply to undifferentiated groups. The same principles regarding proportion of inclusion apply to undifferentiated groups as to consociations. Minimum documentation consists of three complete soil profile descriptions that are collected for each soil added to the legend, one additional per 3,000 acres mapped; three 10 observation transects for each map unit, one additional 10 point transect per 3,000 acres. A defined standard or level of confidence in the interpretive purity of the map unit delineations is attained by adjusting the kind and intensity of field investigations. Field investigations and data collection are carried out in sufficient detail to name map units and to identify accurately and consistently areas of about 50 acres. Areas with less than a 9 percent slope and riparian areas, about 10 acres.</measDesc></report><report type="DQQuanAttAcc"><measDesc>The attribute accuracy is tested by manual comparison of the source with hard copy plots and/or symbolized display of the map data on an interactive computer graphic system. Selected attributes that cannot be visually verified on plots or on screen are interactively queried and verified on screen. In addition, the attributes are tested against a master set of valid attributes. All attribute data conform to the attribute codes in the signed classification and correlation document and amendment(s).</measDesc></report><report type="DQAbsExtPosAcc" dimension="horizontal"><measDesc>The accuracy of these digital data is based upon their compilation to base maps that meet National Map Accuracy Standards at a scale of 1 inch equals 1,000 feet. The difference in positional accuracy between the soil boundaries and special soil features locations in the field and their digitized map locations is unknown. The locational accuracy of soil delineations on the ground varies with the transition between map units. For example, on long gently sloping landscapes the transition occurs gradually over many feet. Where landscapes change abruptly from steep to level, the transition will be very narrow. Soil delineation boundaries and special soil features generally were digitized within 0.01 inch of their locations on the digitizing source. The digital map elements are edge matched between data sets. The data along each quadrangle edge are matched against the data for the adjacent quadrangle. Edge locations generally do not deviate from centerline to centerline by more than 0.01 inch.</measDesc></report><dataLineage><prcStep><stepDesc>A full set of national interpretations were included with the export. From the NSSC Regional group, the BLM interpretations and the AGR - Pesticide Loss interpretations were included. From Region 2, the AGR - Avocado Root Rot Hazard, AGR - CA Revised Storie Index, GRL - Western Juniper Encroachment Potential - OR, and WLF-Desert Tortoise interpretations were included, per National Bulletin 430-14-11. Water Content, Bulk Density - oven dry, AASHTO Group, K factor, Corrosion Concrete and Steel, HSG, T factor, WEG/WEI were recalculated due to errors in the script that were previously unknown, for all correlated DMU's in the legend, per National Bulletin 430-14-3. Stratified textures were unchecked in order to run the particle size calculation and then rechecked. Minor components and higher Category major components may or may not have sufficient data to pass all validations. Miscellaneous areas are variably populated and should be reviewed. Any mapunits that were modified or added during the SDJR project have also been included with this certification.</stepDesc><stepDateTm>2014-09-15</stepDateTm><stepSrc type="used"><srcCitatn><resAltTitle>NASIS</resAltTitle></srcCitatn></stepSrc></prcStep><prcStep><stepDesc>The Natural Resources Conservation Service State Soil Scientist or delegate verified that the labels on the digitized soil map units link to map units in the tabular database, and certified the joined data sets for release to the Soil Data Warehouse. A system assigned version number and date stamp were added and the data were copied to the data warehouse. The tabular data for the map units and components were extracted from the data warehouse and reformatted into the soil data delivery data model, then stored in the Soil Data Mart. The spatial data were copied to the Soil Data Mart without change.</stepDesc><stepDateTm>2019-09-16</stepDateTm><stepSrc type="used"><srcCitatn><resAltTitle>NASIS</resAltTitle></srcCitatn></stepSrc></prcStep><prcStep><stepDesc>The spatial data for the entire SSURGO database was recertified in October of 2019 to reduce storage requirements and to improve map display and geoprocessing performance. The SSURGO data is internally managed using 12 Regional Transactional Spatial Databases (RTSD) that are in an ESRI File Geodatabase format. The spatial extent of the RTSDs follow the Soil and Plant Science Division (SPSD) regional administrative boundaries. The XY coordinate system of this RTSD is USA Contiguous Albers Equal Area Conic USGS Version WKID: 102039 and has an XY storage precision of 0.001 meters. The RTSDs were recreated using a reduced storage precision of 0.1 meters to reduce the physical size of the data. The SSURGO data was also generalized by removing excess vertices, using a tolerance of 1 meter. The topology was validated at the CONUS level using a tolerance of 0.2 meters. This effort directly affects the gSSURGO and gNATSGO product since these deliverables are in a File Geodatabase format.</stepDesc><stepDateTm>2019-01-01</stepDateTm><stepSrc type="used"><srcCitatn><resAltTitle>NRCS3</resAltTitle></srcCitatn></stepSrc></prcStep><prcStep><stepDesc>The ArcGIS Geodatabase files and a verified map unit legend were imported to ARC/INFO, Version 9.2 by certification staff at the Montana Digitizing Unit. The data were processed through evaluation macros dated June 2004. The map unit labels were compared to the National Soil Information System map unit legend. The data were uploaded to the Soil Data Warehouse staging server.</stepDesc><stepDateTm>2009-07-31</stepDateTm><stepSrc type="used"><srcCitatn><resAltTitle>NRCS1, NRCS2</resAltTitle></srcCitatn></stepSrc></prcStep><prcStep><stepDesc>The spatial data for Lassen Volcanic National Park, California soil survey area was downloaded from the Soil Data Mart on October 15, 2012. The individual shapefiles were appended into a geodatabase for region 2. The data were processed in ARCGIS 10.1 using a topology object with a 0.1 meter cluster tolerance for the purpose of eliminating gaps and overlaps within the region 2 soils geodatabase. Individual soil survey area data were exported as shapefiles from the regional geodatabase. A datum transformation from NAD83 to WGS84 using the NAD_1983_To_WGS_1984_1 datum transformation method was applied to the data. The data were checked with the SSURGO Evaluation scripts provided by U.S. Department of Agriculture, Natural Resources Conservation Service. The shapefiles were then uploaded to the soil data warehouse for archival and distribution.</stepDesc><stepDateTm>2013-01-01</stepDateTm><stepSrc type="used"><srcCitatn><resAltTitle>NRCS3</resAltTitle></srcCitatn></stepSrc></prcStep><prcStep><stepDesc>The National Soil Information System data base was developed by Natural Resources Conservation Service soil scientists according to national standards.</stepDesc><stepDateTm>2009-01-01</stepDateTm><stepSrc type="used"><srcCitatn><resAltTitle>NRCS2</resAltTitle></srcCitatn></stepSrc></prcStep><prcStep><stepDesc>The soil survey of Lassen Volcanic National Park, California was developed directly from NAIP images and Hillshades developed from DEMs. The survey was compiled and digitized at the Chico, California Soil Survey Office, using ArcGIS.</stepDesc><stepDateTm>2009-01-01</stepDateTm><stepSrc type="used"><srcCitatn><resAltTitle>APFO1, USGS1</resAltTitle></srcCitatn></stepSrc></prcStep><prcStep><stepDesc>Water Content, Bulk Density - oven dry, AASHTO Group, K factor, Corrosion Concrete and Steel, HSG, T factor, WEG/WEI were recalculated for all correlated DMU's in the legend, per National Bulletin 430-12-1. Minor components and higher Category major components may or may not have sufficient data to pass all validations. Miscellaneous areas are variably populated and should be reviewed. A full set of national interpretations were included with the export. From the NSSC Regional group, the BLM interpretations and the AGR - Pesticide Loss interpretations were included. From Region 2, the AGR - Avocado Root Rot Hazard, AGR - CA Revised Storie Index, and WLF-Desert Tortoise interpretations were included.</stepDesc><stepDateTm>2013-12-26</stepDateTm><stepSrc type="used"><srcCitatn><resAltTitle>NASIS</resAltTitle></srcCitatn></stepSrc></prcStep><prcStep><stepDesc>The Natural Resources Conservation Service State Soil Scientist or delegate, upon completion of data quality verification, determined that the tabular data should be released for official use. A selected set of map units and components in the soil survey legend was copied to a staging database, and rating values for selected interpretations were generated. The list of selected interpretations is stored in the database table named sainterp.</stepDesc><stepDateTm>2019-09-16</stepDateTm><stepSrc type="used"><srcCitatn><resAltTitle>NASIS</resAltTitle></srcCitatn></stepSrc></prcStep><dataSource><srcDesc>digital information containing area and special soil features for evaluation</srcDesc><srcMedName><MedNameCd value="015"/></srcMedName><srcScale><rfDenom>24000</rfDenom></srcScale><srcCitatn><resTitle>ArcGIS geodatabase files for the soil survey of Lassen Volcanic National Park, California</resTitle><resAltTitle>NRCS1</resAltTitle><date><pubDate date="inapplicable"/></date><citRespParty><rpOrgName>U.S. Department of Agriculture, Natural Resources Conservation Service</rpOrgName><role><RoleCd value="006"/></role></citRespParty><presForm><fgdcGeoform>digital vector data</fgdcGeoform></presForm></srcCitatn><srcExt><exDesc>2009</exDesc><tempEle><TempExtent><exTemp><TM_Instant><tmPosition>2009-01-01</tmPosition></TM_Instant></exTemp></TempExtent></tempEle></srcExt></dataSource><dataSource><srcDesc>attribute (tabular) information</srcDesc><srcCitatn><resTitle>National Soil Information System (NASIS) data base</resTitle><resAltTitle>NASIS</resAltTitle><date><pubDate>2009-01-01</pubDate></date><citRespParty><rpOrgName>U.S. Department of Agriculture, Natural Resources Conservation Service</rpOrgName><role><RoleCd value="006"/></role></citRespParty><citRespParty><rpOrgName>U.S. Department of Agriculture, Natural Resources Conservation Service</rpOrgName><rpCntInfo><cntAddress><delPoint>Fort Collins, Colorado</delPoint></cntAddress></rpCntInfo><role><RoleCd value="010"/></role></citRespParty><presForm><PresFormCd value="001"/></presForm><presForm><fgdcGeoform>tabular digital data</fgdcGeoform></presForm></srcCitatn><srcExt><exDesc>publication date</exDesc><tempEle><TempExtent><exTemp><TM_Period><tmBegin>2009-01-01</tmBegin><tmEnd>2009-01-01</tmEnd></TM_Period></exTemp></TempExtent></tempEle></srcExt></dataSource><dataSource><srcDesc>map unit legend used for comparison to spatial map unit labels</srcDesc><srcMedName><MedNameCd value="015"/></srcMedName><srcCitatn><resTitle>National Soil Information System (NASIS) database</resTitle><resAltTitle>NRCS2</resAltTitle><date><pubDate>2009-01-01</pubDate></date><citRespParty><rpOrgName>U.S. Department of Agriculture, Natural Resources Conservation Service, Information Technology Center</rpOrgName><rpCntInfo><cntAddress><delPoint>Fort Collins, Colorado</delPoint></cntAddress></rpCntInfo><role><RoleCd value="010"/></role></citRespParty><citRespParty><rpOrgName>U.S. Department of Agriculture, Natural Resources Conservation Service</rpOrgName><role><RoleCd value="006"/></role></citRespParty><presForm><PresFormCd value="001"/></presForm><presForm><fgdcGeoform>tabular digital data</fgdcGeoform></presForm></srcCitatn><srcExt><exDesc>export certification date</exDesc><tempEle><TempExtent><exTemp><TM_Instant><tmPosition>2009-01-01</tmPosition></TM_Instant></exTemp></TempExtent></tempEle></srcExt></dataSource><dataSource><srcDesc>digital compilation source</srcDesc><srcMedName><MedNameCd value="001"/></srcMedName><srcScale><rfDenom>24000</rfDenom></srcScale><srcCitatn><resTitle>digital elevation models (DEM)</resTitle><resAltTitle>USGS1</resAltTitle><date><pubDate>2000-01-01</pubDate></date><citRespParty><rpOrgName>U.S. Geological Survey</rpOrgName><role><RoleCd value="006"/></role></citRespParty><citRespParty><rpOrgName>U.S. Geological Survey</rpOrgName><rpCntInfo><cntAddress><delPoint>Denver, Colorado</delPoint></cntAddress></rpCntInfo><role><RoleCd value="010"/></role></citRespParty><presForm><fgdcGeoform>remote sensing image</fgdcGeoform></presForm></srcCitatn><srcExt><exDesc>publication date</exDesc><tempEle><TempExtent><exTemp><TM_Instant><tmPosition>2000-01-01</tmPosition></TM_Instant></exTemp></TempExtent></tempEle></srcExt></dataSource><dataSource><srcDesc>color imagery used for quality control</srcDesc><srcMedName><MedNameCd value="015"/></srcMedName><srcScale><rfDenom>12000</rfDenom></srcScale><srcCitatn><resTitle>NAIP color imagery</resTitle><resAltTitle>APFO1</resAltTitle><date><pubDate>2005-01-01</pubDate></date><citRespParty><rpOrgName>USDA-FSA Aerial Photography Field Office (APFO)</rpOrgName><role><RoleCd value="006"/></role></citRespParty><citRespParty><rpOrgName>USDA FSA APFO</rpOrgName><rpCntInfo><cntAddress><delPoint>Salt Lke City, Utah</delPoint></cntAddress></rpCntInfo><role><RoleCd value="010"/></role></citRespParty><presForm><PresFormCd value="005"/></presForm><presForm><fgdcGeoform>remote-sensing image</fgdcGeoform></presForm></srcCitatn><srcExt><exDesc>Majority years of Photography dates</exDesc><tempEle><TempExtent><exTemp><TM_Instant><tmPosition>2005-01-01</tmPosition></TM_Instant></exTemp></TempExtent></tempEle></srcExt></dataSource><dataSource><srcDesc>Source of digital revision - recreated yearly</srcDesc><srcCitatn><resTitle>region 2 soils geodatabase</resTitle><resAltTitle>NRCS3</resAltTitle><date><pubDate date="inapplicable"/></date><citRespParty><rpOrgName>U.S. Department of Agriculture, Natural Resources Conservation Service</rpOrgName><role><RoleCd value="006"/></role></citRespParty><presForm><fgdcGeoform>file geodatabase</fgdcGeoform></presForm></srcCitatn><srcExt><exDesc>SSURGO publication date</exDesc><tempEle><TempExtent><exTemp><TM_Period><tmBegin>2006-01-01</tmBegin><tmEnd>2018-01-01</tmEnd></TM_Period></exTemp></TempExtent></tempEle></srcExt></dataSource></dataLineage></dqInfo><eainfo><detailed Name="MUPOLYGON"><enttyp><enttypl Sync="TRUE">MUPOLYGON</enttypl><enttypd>Special Soil Features represent soil, miscellaneous area, or landform features that are too small to be digitized as soil delineations (area features).</enttypd><enttypds>Agricultural Handbook 18, Soil Survey Manual, 1993, USDA, SCS.</enttypds><enttypt Sync="TRUE">Feature Class</enttypt><enttypc Sync="TRUE">0</enttypc></enttyp><attr><attrlabl Sync="TRUE">OBJECTID</attrlabl><attalias Sync="TRUE">OBJECTID</attalias><attrtype Sync="TRUE">OID</attrtype><attwidth Sync="TRUE">4</attwidth><atprecis Sync="TRUE">0</atprecis><attscale Sync="TRUE">0</attscale><attrdef Sync="TRUE">Internal feature number.</attrdef><attrdefs Sync="TRUE">Esri</attrdefs><attrdomv><udom Sync="TRUE">Sequential unique whole numbers that are automatically generated.</udom></attrdomv></attr><attr><attrlabl Sync="TRUE">Shape</attrlabl><attalias Sync="TRUE">Shape</attalias><attrtype Sync="TRUE">Geometry</attrtype><attwidth Sync="TRUE">0</attwidth><atprecis Sync="TRUE">0</atprecis><attscale Sync="TRUE">0</attscale><attrdef Sync="TRUE">Feature geometry.</attrdef><attrdefs Sync="TRUE">Esri</attrdefs><attrdomv><udom Sync="TRUE">Coordinates defining the features.</udom></attrdomv></attr><attr><attrlabl Sync="TRUE">AREASYMBOL</attrlabl><attalias Sync="TRUE">AREASYMBOL</attalias><attrtype Sync="TRUE">String</attrtype><attwidth Sync="TRUE">20</attwidth><atprecis Sync="TRUE">0</atprecis><attscale Sync="TRUE">0</attscale></attr><attr><attrlabl Sync="TRUE">SPATIALVER</attrlabl><attalias Sync="TRUE">SPATIALVER</attalias><attrtype Sync="TRUE">Integer</attrtype><attwidth Sync="TRUE">4</attwidth><atprecis Sync="TRUE">0</atprecis><attscale Sync="TRUE">0</attscale></attr><attr><attrlabl Sync="TRUE">MUSYM</attrlabl><attalias Sync="TRUE">MUSYM</attalias><attrtype Sync="TRUE">String</attrtype><attwidth Sync="TRUE">6</attwidth><atprecis Sync="TRUE">0</atprecis><attscale Sync="TRUE">0</attscale></attr><attr><attrlabl Sync="TRUE">MUKEY</attrlabl><attalias Sync="TRUE">MUKEY</attalias><attrtype Sync="TRUE">String</attrtype><attwidth Sync="TRUE">30</attwidth><atprecis Sync="TRUE">0</atprecis><attscale Sync="TRUE">0</attscale></attr><attr><attrlabl Sync="TRUE">Shape_Length</attrlabl><attalias Sync="TRUE">Shape_Length</attalias><attrtype Sync="TRUE">Double</attrtype><attwidth Sync="TRUE">8</attwidth><atprecis Sync="TRUE">0</atprecis><attscale Sync="TRUE">0</attscale><attrdef Sync="TRUE">Length of feature in internal units.</attrdef><attrdefs Sync="TRUE">Esri</attrdefs><attrdomv><udom Sync="TRUE">Positive real numbers that are automatically generated.</udom></attrdomv></attr><attr><attrlabl Sync="TRUE">Shape_Area</attrlabl><attalias Sync="TRUE">Shape_Area</attalias><attrtype Sync="TRUE">Double</attrtype><attwidth Sync="TRUE">8</attwidth><atprecis Sync="TRUE">0</atprecis><attscale Sync="TRUE">0</attscale><attrdef Sync="TRUE">Area of feature in internal units squared.</attrdef><attrdefs Sync="TRUE">Esri</attrdefs><attrdomv><udom Sync="TRUE">Positive real numbers that are automatically generated.</udom></attrdomv></attr></detailed><overview><eaover>Map Unit Delineations are closed polygons that may be dominated by a single soil or miscellaneous area component plus allowable similar or dissimilar soils, or they can be geographic mixtures of groups of soils or soils and miscellaneous areas. The map unit symbol uniquely identifies each closed map unit delineation. Each symbol corresponds to a map unit name. The map unit key is used to link to information in the National Soil Information System tables. Map Unit Delineations are described by the National Soil Information System database. This attribute database gives the proportionate extent of the component soils and the properties for each soil. The database contains both estimated and measured data on the physical and chemical soil properties and soil interpretations for engineering, water management, recreation, agronomic, woodland, range, and wildlife uses of the soil. The National Soil Information System database contains static metadata. It documents the data structure and includes such information as what tables, columns, indexes, and relationships are defined as well as a variety of attributes of each of these database objects. Attributes include table and column descriptions and detailed domain information. The National Soil Information System database also contains a distribution metadata. It records the criteria used for selecting map units and components for inclusion in the set of distributed data. Special features are described in the feature table. It includes an area symbol, feature label, feature name, and feature description for each special and ad hoc feature in the survey area.</eaover><eadetcit>Soil Taxonomy: A basic system of soil classification for making and interpreting soil surveys. Agricultural Handbook 436, 1999, USDA, SCS. Keys to Soil Taxonomy (current issue), USDA, SCS. National Soil Survey Handbook, Title 430-VI, part 647 (current issue), USDA, NRCS. Agricultural Handbook 18, Soil Survey Manual, 1993, USDA, SCS.</eadetcit></overview></eainfo><mdHrLvName Sync="TRUE">dataset</mdHrLvName><refSysInfo><RefSystem><refSysID><identCode code="102039" Sync="TRUE"></identCode><idCodeSpace Sync="TRUE">Esri</idCodeSpace><idVersion Sync="TRUE">8.1.2</idVersion></refSysID></RefSystem></refSysInfo><spatRepInfo><VectSpatRep><geometObjs Name="MUPOLYGON"><geoObjTyp><GeoObjTypCd value="002" Sync="TRUE"></GeoObjTypCd></geoObjTyp><geoObjCnt Sync="TRUE">0</geoObjCnt></geometObjs><topLvl><TopoLevCd value="001" Sync="TRUE"></TopoLevCd></topLvl></VectSpatRep></spatRepInfo><spdoinfo><ptvctinf><esriterm Name="MUPOLYGON"><efeatyp Sync="TRUE">Simple</efeatyp><efeageom code="4" Sync="TRUE"></efeageom><esritopo Sync="TRUE">FALSE</esritopo><efeacnt Sync="TRUE">0</efeacnt><spindex Sync="TRUE">TRUE</spindex><linrefer Sync="TRUE">FALSE</linrefer></esriterm></ptvctinf></spdoinfo></metadata>
