<PAMDataset>
  <PAMRasterBand band="1">
    <CategoryNames>
      <Category>1</Category>
      <Category>2</Category>
      <Category>3</Category>
      <Category>4</Category>
      <Category>5</Category>
      <Category>6</Category>
      <Category>7</Category>
      <Category>8</Category>
      <Category>9</Category>
      <Category>10</Category>
      <Category>11</Category>
      <Category>12</Category>
      <Category>13</Category>
      <Category>14</Category>
      <Category>15</Category>
      <Category>16</Category>
      <Category>17</Category>
      <Category>18</Category>
      <Category>19</Category>
      <Category>20</Category>
      <Category>21</Category>
      <Category>22</Category>
      <Category>23</Category>
      <Category>24</Category>
      <Category>25</Category>
      <Category>26</Category>
      <Category>27</Category>
      <Category>28</Category>
      <Category>29</Category>
      <Category>30</Category>
      <Category>31</Category>
      <Category>32</Category>
      <Category>33</Category>
      <Category>34</Category>
      <Category>35</Category>
      <Category>36</Category>
      <Category>37</Category>
      <Category>38</Category>
      <Category>39</Category>
      <Category>40</Category>
      <Category>41</Category>
      <Category>42</Category>
      <Category>43</Category>
      <Category>44</Category>
      <Category>45</Category>
      <Category>46</Category>
      <Category>47</Category>
      <Category>48</Category>
      <Category>49</Category>
      <Category>50</Category>
      <Category>51</Category>
      <Category>52</Category>
      <Category>53</Category>
      <Category>54</Category>
      <Category>55</Category>
      <Category>56</Category>
      <Category>57</Category>
      <Category>58</Category>
      <Category>59</Category>
      <Category>60</Category>
      <Category>61</Category>
      <Category>62</Category>
      <Category>63</Category>
      <Category>64</Category>
      <Category>65</Category>
      <Category>66</Category>
      <Category>67</Category>
      <Category>68</Category>
      <Category>69</Category>
      <Category>70</Category>
      <Category>71</Category>
      <Category>72</Category>
      <Category>73</Category>
      <Category>74</Category>
      <Category>75</Category>
      <Category>76</Category>
      <Category>77</Category>
      <Category>78</Category>
      <Category>79</Category>
      <Category>80</Category>
      <Category>81</Category>
      <Category>82</Category>
      <Category>83</Category>
      <Category>84</Category>
      <Category>85</Category>
      <Category>86</Category>
      <Category>87</Category>
      <Category>88</Category>
      <Category>89</Category>
      <Category>90</Category>
      <Category>91</Category>
      <Category>92</Category>
      <Category>93</Category>
      <Category>94</Category>
      <Category>95</Category>
      <Category>96</Category>
      <Category>97</Category>
      <Category>98</Category>
      <Category>99</Category>
      <Category>100</Category>
      <Category>101</Category>
      <Category>102</Category>
      <Category>103</Category>
      <Category>104</Category>
      <Category>105</Category>
      <Category>106</Category>
      <Category>107</Category>
      <Category>108</Category>
      <Category>109</Category>
      <Category>110</Category>
      <Category>111</Category>
      <Category>112</Category>
      <Category>113</Category>
      <Category>114</Category>
      <Category>115</Category>
      <Category>116</Category>
      <Category>117</Category>
      <Category>118</Category>
      <Category>119</Category>
      <Category>120</Category>
      <Category>121</Category>
      <Category>122</Category>
      <Category>123</Category>
      <Category>124</Category>
      <Category>125</Category>
      <Category>126</Category>
      <Category>127</Category>
      <Category>128</Category>
      <Category>129</Category>
      <Category>130</Category>
      <Category>131</Category>
      <Category>132</Category>
      <Category>133</Category>
      <Category>134</Category>
      <Category>135</Category>
      <Category>136</Category>
      <Category>137</Category>
      <Category>138</Category>
      <Category>139</Category>
      <Category>140</Category>
      <Category>141</Category>
      <Category>142</Category>
      <Category>143</Category>
      <Category>144</Category>
      <Category>145</Category>
      <Category>146</Category>
      <Category>147</Category>
      <Category>148</Category>
      <Category>149</Category>
      <Category>150</Category>
      <Category>151</Category>
      <Category>152</Category>
      <Category>153</Category>
      <Category>154</Category>
      <Category>155</Category>
      <Category>156</Category>
      <Category>157</Category>
      <Category>158</Category>
      <Category>159</Category>
      <Category>160</Category>
      <Category>161</Category>
      <Category>162</Category>
      <Category>163</Category>
      <Category>164</Category>
      <Category>165</Category>
      <Category>166</Category>
      <Category>167</Category>
      <Category>168</Category>
      <Category>169</Category>
      <Category>170</Category>
      <Category>171</Category>
      <Category>172</Category>
      <Category>173</Category>
      <Category>174</Category>
      <Category>175</Category>
      <Category>176</Category>
      <Category>177</Category>
      <Category>178</Category>
      <Category>179</Category>
      <Category>180</Category>
      <Category>181</Category>
      <Category>182</Category>
      <Category>183</Category>
      <Category>184</Category>
      <Category>185</Category>
      <Category>186</Category>
      <Category>187</Category>
      <Category>188</Category>
      <Category>189</Category>
      <Category>190</Category>
      <Category>191</Category>
      <Category>192</Category>
      <Category>193</Category>
      <Category>194</Category>
      <Category>195</Category>
      <Category>196</Category>
      <Category>197</Category>
      <Category>198</Category>
      <Category>199</Category>
      <Category>200</Category>
      <Category>201</Category>
      <Category>202</Category>
      <Category>203</Category>
      <Category>204</Category>
      <Category>205</Category>
      <Category>206</Category>
      <Category>207</Category>
      <Category>208</Category>
      <Category>209</Category>
      <Category>210</Category>
      <Category>211</Category>
      <Category>212</Category>
      <Category>213</Category>
      <Category>214</Category>
      <Category>215</Category>
      <Category>216</Category>
      <Category>217</Category>
      <Category>218</Category>
      <Category>219</Category>
      <Category>220</Category>
      <Category>221</Category>
      <Category>222</Category>
      <Category>223</Category>
      <Category>224</Category>
      <Category>225</Category>
      <Category>226</Category>
      <Category>227</Category>
      <Category>228</Category>
      <Category>229</Category>
      <Category>230</Category>
      <Category>231</Category>
      <Category>232</Category>
      <Category>233</Category>
      <Category>234</Category>
      <Category>235</Category>
      <Category>236</Category>
      <Category>237</Category>
      <Category>238</Category>
      <Category>239</Category>
      <Category>240</Category>
      <Category>241</Category>
      <Category>242</Category>
      <Category>243</Category>
      <Category>244</Category>
      <Category>245</Category>
      <Category>246</Category>
      <Category>247</Category>
      <Category>248</Category>
      <Category>249</Category>
      <Category>250</Category>
      <Category>251</Category>
      <Category>252</Category>
      <Category>253</Category>
      <Category>254</Category>
      <Category>255</Category>
      <Category>256</Category>
      <Category>257</Category>
      <Category>258</Category>
      <Category>259</Category>
      <Category>260</Category>
      <Category>261</Category>
      <Category>262</Category>
      <Category>263</Category>
      <Category>264</Category>
      <Category>265</Category>
      <Category>266</Category>
      <Category>267</Category>
      <Category>268</Category>
      <Category>269</Category>
      <Category>270</Category>
      <Category>271</Category>
      <Category>272</Category>
      <Category>273</Category>
      <Category>274</Category>
      <Category>275</Category>
      <Category>276</Category>
      <Category>277</Category>
      <Category>278</Category>
      <Category>279</Category>
      <Category>280</Category>
      <Category>281</Category>
      <Category>282</Category>
      <Category>283</Category>
      <Category>284</Category>
      <Category>285</Category>
      <Category>286</Category>
      <Category>287</Category>
      <Category>288</Category>
      <Category>289</Category>
      <Category>290</Category>
      <Category>291</Category>
      <Category>292</Category>
      <Category>293</Category>
      <Category>294</Category>
      <Category>295</Category>
      <Category>296</Category>
      <Category>297</Category>
      <Category>298</Category>
      <Category>299</Category>
      <Category>300</Category>
      <Category>301</Category>
      <Category>302</Category>
      <Category>303</Category>
      <Category>304</Category>
      <Category>305</Category>
      <Category>306</Category>
      <Category>307</Category>
      <Category>308</Category>
      <Category>309</Category>
      <Category>310</Category>
      <Category>311</Category>
      <Category>312</Category>
      <Category>313</Category>
      <Category>314</Category>
      <Category>315</Category>
      <Category>316</Category>
      <Category>317</Category>
      <Category>318</Category>
      <Category>319</Category>
      <Category>320</Category>
      <Category>321</Category>
      <Category>322</Category>
      <Category>323</Category>
      <Category>324</Category>
      <Category>325</Category>
      <Category>326</Category>
      <Category>327</Category>
      <Category>328</Category>
      <Category>329</Category>
      <Category>330</Category>
      <Category>331</Category>
      <Category>332</Category>
      <Category>333</Category>
      <Category>334</Category>
      <Category>335</Category>
      <Category>336</Category>
      <Category>337</Category>
      <Category>338</Category>
      <Category>339</Category>
      <Category>340</Category>
      <Category>341</Category>
      <Category>342</Category>
      <Category>343</Category>
      <Category>344</Category>
      <Category>345</Category>
      <Category>346</Category>
      <Category>347</Category>
      <Category>348</Category>
      <Category>349</Category>
      <Category>350</Category>
      <Category>351</Category>
      <Category>352</Category>
      <Category>353</Category>
      <Category>354</Category>
      <Category>355</Category>
      <Category>356</Category>
      <Category>357</Category>
      <Category>358</Category>
      <Category>359</Category>
      <Category>360</Category>
      <Category>361</Category>
      <Category>362</Category>
      <Category>363</Category>
      <Category>364</Category>
      <Category>365</Category>
      <Category>366</Category>
      <Category>367</Category>
      <Category>368</Category>
      <Category>369</Category>
      <Category>370</Category>
      <Category>371</Category>
      <Category>372</Category>
      <Category>373</Category>
      <Category>374</Category>
      <Category>375</Category>
      <Category>376</Category>
      <Category>377</Category>
      <Category>378</Category>
      <Category>379</Category>
      <Category>380</Category>
      <Category>381</Category>
      <Category>382</Category>
      <Category>383</Category>
      <Category>384</Category>
      <Category>385</Category>
      <Category>386</Category>
      <Category>387</Category>
      <Category>388</Category>
      <Category>389</Category>
      <Category>390</Category>
      <Category>391</Category>
      <Category>392</Category>
      <Category>393</Category>
      <Category>394</Category>
      <Category>395</Category>
      <Category>396</Category>
      <Category>397</Category>
      <Category>398</Category>
      <Category>399</Category>
      <Category>400</Category>
      <Category>401</Category>
      <Category>402</Category>
      <Category>403</Category>
      <Category>404</Category>
      <Category>405</Category>
      <Category>406</Category>
      <Category>407</Category>
      <Category>408</Category>
      <Category>409</Category>
      <Category>410</Category>
      <Category>411</Category>
      <Category>412</Category>
      <Category>413</Category>
      <Category>414</Category>
      <Category>415</Category>
      <Category>416</Category>
      <Category>417</Category>
      <Category>418</Category>
      <Category>419</Category>
      <Category>420</Category>
      <Category>421</Category>
      <Category>422</Category>
      <Category>423</Category>
      <Category>424</Category>
      <Category>425</Category>
      <Category>426</Category>
      <Category>427</Category>
      <Category>428</Category>
      <Category>429</Category>
      <Category>430</Category>
      <Category>431</Category>
      <Category>432</Category>
      <Category>433</Category>
      <Category>434</Category>
      <Category>435</Category>
      <Category>436</Category>
      <Category>437</Category>
      <Category>438</Category>
      <Category>439</Category>
      <Category>440</Category>
      <Category>441</Category>
      <Category>442</Category>
      <Category>443</Category>
      <Category>444</Category>
      <Category>445</Category>
      <Category>446</Category>
      <Category>447</Category>
      <Category>448</Category>
      <Category>449</Category>
      <Category>450</Category>
      <Category>451</Category>
      <Category>452</Category>
      <Category>453</Category>
      <Category>454</Category>
      <Category>455</Category>
      <Category>456</Category>
      <Category>457</Category>
      <Category>458</Category>
      <Category>459</Category>
      <Category>460</Category>
      <Category>461</Category>
      <Category>462</Category>
      <Category>463</Category>
      <Category>464</Category>
      <Category>465</Category>
      <Category>466</Category>
      <Category>467</Category>
      <Category>468</Category>
      <Category>469</Category>
      <Category>470</Category>
      <Category>471</Category>
      <Category>472</Category>
      <Category>473</Category>
      <Category>474</Category>
      <Category>475</Category>
      <Category>476</Category>
      <Category>477</Category>
      <Category>478</Category>
      <Category>479</Category>
      <Category>480</Category>
      <Category>481</Category>
      <Category>482</Category>
      <Category>483</Category>
      <Category>484</Category>
      <Category>485</Category>
      <Category>486</Category>
      <Category>487</Category>
      <Category>488</Category>
      <Category>489</Category>
      <Category>490</Category>
      <Category>491</Category>
      <Category>492</Category>
      <Category>493</Category>
      <Category>494</Category>
      <Category>495</Category>
      <Category>496</Category>
      <Category>497</Category>
      <Category>498</Category>
      <Category>499</Category>
      <Category>500</Category>
      <Category>501</Category>
      <Category>502</Category>
      <Category>503</Category>
      <Category>504</Category>
      <Category>505</Category>
      <Category>506</Category>
      <Category>507</Category>
      <Category>508</Category>
      <Category>509</Category>
      <Category>510</Category>
      <Category>511</Category>
      <Category>512</Category>
      <Category>513</Category>
      <Category>514</Category>
      <Category>515</Category>
      <Category>516</Category>
      <Category>517</Category>
      <Category>518</Category>
      <Category>519</Category>
      <Category>520</Category>
      <Category>521</Category>
      <Category>522</Category>
      <Category>523</Category>
      <Category>524</Category>
      <Category>525</Category>
      <Category>526</Category>
      <Category>527</Category>
      <Category>528</Category>
      <Category>529</Category>
      <Category>530</Category>
      <Category>531</Category>
      <Category>532</Category>
      <Category>533</Category>
      <Category>534</Category>
      <Category>535</Category>
      <Category>536</Category>
      <Category>537</Category>
      <Category>538</Category>
      <Category>539</Category>
      <Category>540</Category>
      <Category>541</Category>
      <Category>542</Category>
      <Category>543</Category>
      <Category>544</Category>
      <Category>545</Category>
      <Category>546</Category>
      <Category>547</Category>
      <Category>548</Category>
      <Category>549</Category>
      <Category>550</Category>
      <Category>551</Category>
      <Category>552</Category>
      <Category>553</Category>
      <Category>554</Category>
      <Category>555</Category>
      <Category>556</Category>
      <Category>557</Category>
      <Category>558</Category>
      <Category>559</Category>
      <Category>560</Category>
      <Category>561</Category>
      <Category>562</Category>
      <Category>563</Category>
      <Category>564</Category>
      <Category>565</Category>
      <Category>566</Category>
      <Category>567</Category>
      <Category>568</Category>
      <Category>569</Category>
      <Category>570</Category>
      <Category>571</Category>
      <Category>572</Category>
      <Category>573</Category>
      <Category>574</Category>
      <Category>575</Category>
      <Category>576</Category>
      <Category>577</Category>
      <Category>578</Category>
      <Category>579</Category>
      <Category>580</Category>
      <Category>581</Category>
      <Category>582</Category>
      <Category>583</Category>
      <Category>584</Category>
      <Category>585</Category>
      <Category>586</Category>
      <Category>587</Category>
      <Category>588</Category>
      <Category>589</Category>
      <Category>590</Category>
      <Category>591</Category>
      <Category>592</Category>
      <Category>593</Category>
      <Category>594</Category>
      <Category>595</Category>
      <Category>596</Category>
      <Category>597</Category>
      <Category>598</Category>
      <Category>599</Category>
      <Category>600</Category>
      <Category>601</Category>
      <Category>602</Category>
      <Category>603</Category>
      <Category>604</Category>
      <Category>605</Category>
      <Category>606</Category>
      <Category>607</Category>
      <Category>608</Category>
      <Category>609</Category>
      <Category>610</Category>
      <Category>611</Category>
      <Category>612</Category>
      <Category>613</Category>
      <Category>614</Category>
      <Category>615</Category>
      <Category>616</Category>
      <Category>617</Category>
      <Category>618</Category>
      <Category>619</Category>
      <Category>620</Category>
      <Category>621</Category>
      <Category>622</Category>
      <Category>623</Category>
      <Category>624</Category>
      <Category>625</Category>
      <Category>626</Category>
      <Category>627</Category>
      <Category>628</Category>
      <Category>629</Category>
      <Category>630</Category>
      <Category>631</Category>
      <Category>632</Category>
      <Category>633</Category>
      <Category>634</Category>
      <Category>635</Category>
      <Category>636</Category>
      <Category>637</Category>
      <Category>638</Category>
      <Category>639</Category>
      <Category>640</Category>
      <Category>641</Category>
      <Category>642</Category>
      <Category>643</Category>
      <Category>644</Category>
      <Category>645</Category>
      <Category>646</Category>
      <Category>647</Category>
      <Category>648</Category>
      <Category>649</Category>
      <Category>650</Category>
      <Category>651</Category>
      <Category>652</Category>
      <Category>653</Category>
      <Category>654</Category>
      <Category>655</Category>
      <Category>656</Category>
      <Category>657</Category>
      <Category>658</Category>
      <Category>659</Category>
      <Category>660</Category>
      <Category>661</Category>
      <Category>662</Category>
      <Category>663</Category>
      <Category>664</Category>
      <Category>665</Category>
      <Category>666</Category>
      <Category>667</Category>
      <Category>668</Category>
    </CategoryNames>
  </PAMRasterBand>
</PAMDataset>
