Northing,Easting,LS_Pos,Measured,SSURGO_RV,ArcSIE_SSU,SS_Manual,SDM,OSD,twi_5m,slope_5m,mrvbf_5m,mrrtf_5m,aachn_5m,elev_5m,twi_10m,slope_10m,mrvbf_10m,mrrtf_10m,aachn_10m,elev10m,twi_30m,slope_30m,mrvbf_30m,mrrtf_30m,aachn_30m,elev_30m,twi_90m,slope_90m,mrvbf_90m,mrrtf_90m,aachn_90m,elev_90m,Pred_Depth_5m_MLR,Pred_Depth_90m_MLR,Pred_Depth_5m_DT,Pred_Depth_90m_DT,Pred_Depth_5m_RF
4257042.9,526536.54,FP,157,86,165.305573,71,80,76,15.0565996,2.9108,3.9353001,0.0186,0,175.417999,14.7595997,3.2913499,3.4328001,0.0118,0,175.529007,15.2823,10.8513002,0.8752,0.0003,0,175.266007,12.5270996,5.8438902,1.9619,0.0131,0,183.819,145.3407974,134.4472072,136.375,140.5384615,142.2323333
4256326.51,530066.07,FP,160,201,171.298004,200,200,200,15.8543997,1.3301001,2.9956,0.0034,0,177.098999,14.1590004,1.7297699,2.434,0.0079,0,177.108994,13.6368999,4.4916801,1.8961,0.011,0,177.085007,16.7367001,5.3015699,1.8507,0.0047,0,177.354996,148.7753899,134.9863452,136.375,140.5384615,137.3861667
4256636.6,530774.626,FP,138,201,173.50589,200,200,200,15.2042999,2.6106,4.9590001,0.1095,0.0165,185.856003,15.7133999,2.9447701,3.8792,0.2347,0,185.888001,15.1956997,2.60215,3.8462,0.0087,0,185.645004,12.4211998,4.8146601,2.9796,0.1637,2.9460001,190.132004,146.9304811,142.5704008,136.375,121.95,146.3123333
4257781.87,532627.2,FP,190,61,147.747009,122,77,77,12.8891001,5.2448001,2.9546001,0.0109,0,224.281998,13.4067001,5.1801,1.9511,0.0149,0,224.212006,13.2337999,7.5147901,0.9706,0.0027,1.7828,224.886002,13.8758001,6.3534899,1.8514,2.3332,23.9675999,224.024002,139.96018,152.9164827,176.6666667,167.0769231,164.073
4256261.76,529572.323,FP,115,201,167.633759,200,200,200,13.9349003,2.5105,2.9753001,0.0459,0,171.544998,15.0929003,2.7609601,2.8104999,0.0345,0,171.576996,15.1036997,5.9710302,1.7769001,0.0067,0,171.733994,16.8722992,6.8849802,0.9709,0.0018,0,171.509995,146.5301283,127.6253552,136.375,140.5384615,123.3978333
4256825.09,529179.872,FP,110,61,175.265884,122,77,77,16.3642998,0.27,2.9867001,0.0037,0,172.016998,16.5715008,0.27899,1.9881999,0.0073,0,172.028,16.1443996,4.57408,0.9456,0.0014,0,172.087006,13.8128996,5.89252,0.7876,0.0005,4.1616998,172.770996,151.18646,128.8265829,136.375,112.6923077,121.6076667
4258188.39,528867.34,FP,200,201,179.279999,200,200,200,15.4418001,0.9,4.5542998,0.059,0,159.080994,15.5717001,0.547251,3.9730999,0.0935,0.0515,159.095001,16.2383995,0.303382,2.9907,0.0187,0,159.072006,17.7318993,1.17219,6.8608999,0.0122,0.0134,159.149002,150.3227285,166.6964558,136.375,179.3846154,168.9285
4258601.14,528293.163,FP,142,201,182.376282,200,200,200,14.7061005,2.3905001,3.8604,0.1076,0,158.455002,15.3399,2.3024099,2.8459001,0.4262,0.0459,158.432999,16.7035007,1.48216,2.8678,0.1493,0,158.501999,17.2064991,2.1291399,6.9292002,0.0209,0,157.975998,147.4356588,165.1028275,136.375,179.3846154,144.462
4261068.54,531101.633,FP,120,61,164.929184,122,77,77,14.5713997,2.9208,2.9809999,0.0242,0,197.748993,14.9300003,3.0843,1.9778,0.0247,0,197.731995,14.5120001,6.5809898,0.9532,0.0008,0,197.731995,12.7846003,9.8530703,0.7921,0.0002,12.6020002,203.822006,145.3755306,120.6356778,136.375,112.6923077,133.0641667
4260100.65,530574.905,FP,126,201,149.447205,200,200,200,14.1454,5.4352999,2.2513001,0.0258,0,177.501999,14.1341,4.9865499,1.7747,0.0805,0,177.505997,14.1493998,7.8200402,0.8757,0.0224,0,178.209,13.0861998,8.0775003,0.9836,0.0071,5.6725001,182.957993,139.6803168,125.2579005,136.375,112.6923077,133.2096667
4259802.19,530559.03,FP,130,201,168.782043,200,200,200,17.3453999,1.5101,3.9834001,0.0107,0,172.947998,17.0447006,1.21415,2.9888,0.0084,0,172.908997,17.1261005,0.858332,2.9356999,0.0094,0,173.117004,14.3998003,5.0764198,2.7865,0.0037,0,173.854004,148.4414119,139.7564266,136.375,140.5384615,133.2788333
4259055.33,531349.884,FP,125,201,170.51152,200,200,200,17.6257,0.75,2.9819,0.0125,0,175.742996,16.8358994,0.638607,2.0044999,0.0095,0,175.761002,17.177,2.5251901,1.9764,0.0053,0,175.684998,16.2208996,13.0188999,0.9201,0.0024,0,176.501999,150.1864267,114.6826542,136.375,140.5384615,130.4195
4262114.99,529899.344,FP,150,201,168.38327,200,200,200,16.3778992,2.1203001,3.9677999,0.0202,0,186.253006,15.3210001,2.1605101,2.9888999,0.026,0,186.332993,15.6357002,1.39957,2.5251999,0.0034,0,186.332993,15.3699999,8.9812899,0.8986,0.0005,0,186.041,147.1528131,122.9359499,136.375,140.5384615,141.1598333
4261521.45,529231.116,FP,140,201,169.853821,200,200,200,17.8693008,0.98,3.6326001,0.0113,0,170.550995,15.4253998,0.771031,2.5136001,0.0071,0,170.587006,17.0028992,4.3954902,1.8219,0.0028,0,170.688995,12.8474998,9.5437698,0.9019,0.0019,0,174.037994,149.6516768,121.7973907,136.375,140.5384615,138.2016667
4262047.97,528551.136,FP,120,201,174.829453,200,200,200,17.3269997,0.02,3.9705,0.0554,0,172.257996,15.4323997,3.48068,2.4307001,0.0488,0,172.251007,15.9273996,3.3449399,1.9342999,0.0302,0,172.544006,12.8863001,6.2280002,0.9838,0.0047,0,173.884995,152.284697,129.0715644,136.375,140.5384615,133.7266667
4260581.47,527693.707,FP,160,201,168.583603,200,200,200,17.8747005,1.4601001,3.9853001,0.0258,0,158.166,15.9390001,0.971973,2.9874001,0.034,0,158.132996,17.4899998,0.720565,4.3375001,0.0076,0,158.272995,18.3806,0.75745,6.9383998,0.0055,0,158.276993,148.7098899,167.8553426,136.375,179.3846154,155.6306667
4261195.54,527174.027,FP,130,137,169.276688,200,200,200,14.9230003,2.7507,3.9949999,0.0682,0,169.091003,12.9806995,2.2953899,2.9790001,0.1037,0,169.046997,14.4394999,4.5321202,2.9154999,0.0144,0,169.005997,15.7656002,2.55195,0.9803,0.0021,0,168.669006,146.2132857,136.6523505,136.375,140.5384615,135.7858333
4258081.5,524264.446,FP,200,201,196.577698,200,200,200,11.2882996,0.87,0.052,2.8336999,0.1553,150.095993,12.9624996,0.88003,0.3777,2.8227999,0.1716,150.115997,15.191,2.4038799,2.7932999,1.9252,0.315,150.210007,16.1779003,2.9962699,6.9642,0.2923,0.3542,150.009995,178.6226747,165.8104109,200,179.3846154,193.9516667
4257298.16,522076.194,FP,200,201,175.207245,200,200,200,20.2029991,0.49,2.9862001,0.565,0.035,147.660004,13.1175003,0.647551,2.8492999,0.0265,0.0473,147.662003,12.8348999,4.7400498,3.7993,0.0047,0,147.606995,14.3746996,2.75828,6.973,0.1459,0.1772,147.826996,156.3924381,165.080039,200,179.3846154,192.5211667
4258923.41,523702.495,FP,125,201,158.210037,200,200,200,12.7742996,4.9840999,3.5644,0.1118,0,155.251999,13.1983004,4.3983498,2.6156001,0.4155,0,155.153,13.9924002,4.4514799,2.7851,0.1769,0.1079,155.707001,14.8178997,4.2218499,5.8834,0.0157,1.3368,155.707001,141.5874437,155.901441,136.375,179.3846154,149.6915
4258813.53,525329.056,FP,200,201,180.042206,200,200,200,18.5338993,0.82,3.9365001,0.033,0.0014,151.201004,14.3523998,0.511128,2.9583001,0.147,0,151.182007,15.9772997,0.252113,4.4510999,0.2702,0,151.143005,16.7029991,0.847299,6.9833999,0.0155,0,151.145996,150.2356267,167.9628196,200,179.3846154,186.8075
4258208.9,525304.009,FP,200,74,193.936752,119,112,126,7.4418998,3.4312999,3.8685,2.9461999,1.1422,152.457993,8.1928997,3.7242801,3.9732001,1.961,1.1022,152.429001,12.3852997,3.28232,2.9863,1.8571,1.4766999,152.822998,15.2880001,1.27301,6.7217999,0.1821,1.3769,152.822998,172.4804398,167.3136635,200,179.3846154,187.8603333
4258339.73,526434.575,FP,200,201,182.809631,200,200,200,20.4867001,0.02,5.9366002,0.1625,0,153.164002,15.6982002,0.218604,4.8235002,2.5346,0.0568,153.175995,16.2619991,0.0637948,7.8143001,1.8513,0.1716,153.218002,15.7896996,1.2890199,6.9805002,0.1761,0.0278,153.154999,153.3833895,168.420726,200,179.3846154,189.0731667
4258363.55,526654.18,FP,200,201,190.77121,200,200,200,7.5468001,2.9509001,0.0926,2.8622,0.3269,153.957993,10.4373999,3.6665299,0.3337,2.4679,0.3745,154.039002,13.3627005,3.7667,2.9662001,1.8515,0.9053,154.621994,15.4997997,3.58724,6.9211001,0.158,0.8483,154.281006,173.9312697,163.2271887,200,179.3846154,184.9063333
4258260.36,527014.014,FP,200,201,194.292602,200,200,200,10.2428999,0.83,3.8958001,1.6493,0.0508,154.085007,13.7886,0.590573,2.9353001,1.8458,0.1225,154.113007,16.7007008,1.25907,1.779,0.6955,0.1304,154.158005,14.4953003,10.2926998,0.8141,0.0773,0.1741,154.085007,166.7198311,120.4916085,200,140.5384615,194.333
4259706.16,525210.537,FP,125,137,170.181839,200,200,200,15.6212997,1.7402,2.9826,0.021,0,161.240997,15.6241999,1.93811,2.9215,0.0475,0,161.242996,14.8176003,6.7611499,1.7454,0.0105,0,161.393005,12.7966995,7.2583699,0.9299,0.0046,2.0097001,165.298004,148.0244084,126.6866847,136.375,112.6923077,127.9901667
4259953.55,525041.203,FP,90,86,167.438828,71,80,76,15.9068003,2.0102999,1.9608001,0.004,0,168.376007,14.7376003,12.3734999,0.8147,0.0025,0,168.457001,14.6527004,15.6805,0.3054,0.0001,0,168.457001,14.6787004,3.16576,1.7981,0.0103,1.9535,167.957001,147.2364872,139.2192312,136.375,112.6923077,111.0093333
4259948.09,527225.773,FP,200,201,184.364822,200,200,200,18.0123005,0.98,3.9631,0.3525,0,154.811997,17.0279999,0.42033,2.9879999,0.1915,0,154.794006,18.2341995,0.496231,2.4956,0.0112,0,154.800995,17.7483997,3.3919001,6.7145,0.0038,0,154.677994,153.1518997,161.3485246,200,179.3846154,190.676
4256835,526239,FP,160,74,149.085693,71,80,76,11.6159,6.1476998,2.8151,0.0337,0,196.434998,12.0858002,6.1068201,1.8935,0.0333,0,196.537994,12.7103996,6.1859899,1.3983001,0.0115,11.1302996,196,12.3142004,7.9128599,0.3598,0.4654,25.6753998,200.406006,138.1431598,126.6823057,136.375,121.95,150.7941667
4256778,526145,FP,114,137,165.793991,127,109,95,8.7658997,7.5644002,2.7808001,3.395,3.4602001,202.319,9.7537003,6.82967,1.8243001,0.0498,7.0219002,202.369995,11.5171003,6.09305,1.5928,0.0145,16.6571999,201.772003,11.6849003,1.4482501,6.5639,1.4444,28.9102993,203.714005,164.2238462,177.123164,136.375,179.3846154,141.0223333
4260568.2,530900.594,FP,110,201,169.02533,200,200,200,15.9835997,1.9002,3.892,0.0122,0,184.128006,16.3052998,1.8954,2.9198999,0.0154,0,184.203995,16.5265999,1.43621,1.5855,0.0036,0,183.985992,16.5772991,1.85695,0.9914,0.0024,0,183.985992,147.5706968,138.146618,136.375,140.5384615,124.3478333
4260499.41,530868.844,FP,150,201,169.921997,200,200,200,16.2357006,1.7802,3.1452,0.0172,0,182.917007,16.3449993,2.08377,2.7616999,0.026,0,182.876999,16.7010002,3.12641,1.9327,0.0074,0,182.876999,11.8246002,10.0641003,0.8684,0.0041,0.448,184.910996,147.8945668,120.5835333,136.375,140.5384615,141.6236667
4257093.18,526404.248,RT,105,81,197.379578,201,178,152,7.2056999,4.4329,0.0316,3.7183001,11.9456997,196.098007,8.1246996,4.0106802,0.1691,2.6003001,13.1637001,196.154007,10.0174999,2.1240399,0.0188,1.9692,18.8229008,196.595993,11.6243,7.1370902,1.3992,0.6098,19.7805004,196.283005,161.9421655,134.326603,136.375,121.95,131.9955
4257037.61,526699.259,RT,100,81,200.171661,201,178,152,7.704,2.7207,0.0373,3.8598001,10.9596996,198.662994,8.4216995,2.8938401,0.1705,2.8069999,12.9491997,198.692993,9.9489002,3.8713601,0.0671,1.9512,21.9116001,198.292999,11.4186001,8.2992001,0.2144,0.7177,22.0916996,197.498001,168.7600177,127.3902312,136.375,121.95,125.5621667
4256551.38,530105.658,RT,200,64,200.8311,229,229,229,7.5283999,1,0.0104,3.9886999,11.4406004,212.557999,8.4870996,1.95408,0.0967,2.9837999,12.5910997,212.539002,10.2821999,2.6837699,0.0231,1.9865,22.5517006,212.335999,11.4246998,8.0899801,0.0249,0.9517,30.8313007,209.807999,173.270478,128.9713443,195.5833333,167.0769231,191.6263333
4256101.61,530066.07,RT,130,64,186.359726,229,229,229,7.9642,6.6999998,0.0982,3.9130001,23.5596008,211.973007,8.6620998,6.2227702,0.444,1.4923,23.6819992,211.882004,10.0113001,5.49649,0.0996,1.8723,24.1993999,211.442001,11.6004,6.51861,0.0487,0.9035,34.9604988,212.710999,141.3920464,131.9217772,176.6666667,121.95,148.7756667
4256729.21,530533.854,RT,185,64,198.460403,229,229,229,7.5043001,3.7618001,0.0929,3.9861,12.2607002,212.184998,8.3816004,3.7260201,0.4356,2.8848,13.6310997,212.106003,9.8831997,5.2649202,0.0714,1.974,18.7702007,211.675003,11.3164997,9.23528,0.0334,0.9506,23.6221008,209.610992,165.7419208,126.6271443,195.5833333,167.0769231,181.721
4257528.25,530700.542,RT,136,64,200.429794,229,229,229,7.8610001,2.6905999,0.0711,5.3727999,4.6602998,220.837006,9.0781002,3.6496899,0.7625,2.8406999,8.2870998,220.742996,10.7444,3.6075101,0.567,2.6821001,11.8532,220.210999,12.1322002,3.1739399,6.6402001,3.944,27.1648006,220.225998,193.7861938,195.4826266,174.6,179.3846154,166.8543333
4257959.14,532838.867,RT,200,64,200.92363,229,229,229,8.0162001,0.39,0.0093,3.4012001,8.1351995,250.296005,8.9306002,0.62342,0.0474,2.9574001,10.467,250.274994,10.5232,2.0148699,0.0363,2.6963,18.5639,250.253006,13.8725004,2.8771801,0.0033,5.4829998,52.8492012,250.408005,173.5807129,178.8054146,176.6666667,167.0769231,181.2111667
4258451.61,531040.75,RT,200,64,200.601395,229,229,229,7.0046,1.8102,0.0066,3.9473,16.3250008,221.996994,7.9761,2.7188399,0.0471,2.9507,21.2936001,221.919006,10.9302998,1.3499399,0.0315,1.9809,28.3722,222.044998,13.0228004,1.776,0.0406,1.5809,38.4793015,219.660004,163.688519,147.5640153,195.5833333,167.0769231,190.4591667
4257451.71,529124.245,RT,180,76,199.473328,229,229,229,7.7245998,3.6015999,0.0873,4.9003,10.0815001,213.287003,8.5172005,3.26613,0.3178,2.951,13.9196997,213.393005,10.0983,3.10744,0.0559,3.652,28.8355999,213.419006,12.1126003,3.13534,6.783,2.9517,44.9157982,211.572006,178.7486677,187.6518559,195.5833333,179.3846154,182.6318333
4259301.12,527898.397,RT,200,64,200.196777,229,229,229,8.8023996,2.4505,0.1215,5.4447999,9.3283005,200.796005,9.5993996,2.08778,1.5556999,4.6975999,12.5396004,200.815002,10.8135004,1.9771,4.8894,3.9616001,23.0685997,200.815002,12.8099003,1.90387,6.9570999,2.9617,39.5486984,201.296005,188.0774569,191.092912,195.5833333,179.3846154,186.9373333
4259290.54,528020.106,RT,200,76,200.798782,229,229,229,8.1384001,1.2701,0.0772,5.0279002,13.5513,202.585999,9.0186996,1.10833,0.3192,3.9902,16.6991997,202.608002,10.7735004,1.09387,4.8077002,3.9419,25.6527004,202.511002,12.9307003,0.805233,6.9531999,2.9498,39.9174995,202.511002,180.155798,193.2493313,195.5833333,179.3846154,192.1658333
4259709.9,528502.178,RT,200,76,200.835129,229,229,229,8.9366999,0.99,0.0373,5.8102002,10.0072002,212.128998,9.6813002,1.00132,0.2314,3.9760001,13.2519999,212.167999,10.7995996,1.3249,0.1045,3.8083,26.9328003,212.031006,12.4705,2.04862,6.8927999,2.9784999,43.1365013,211.276993,194.1264298,190.6416736,195.5833333,179.3846154,197.0855
4260236.42,529033.462,RT,177,64,188.120865,229,229,229,8.9403,3.6415999,0.3118,5.9050002,1.6282001,208.778,9.8086004,3.18203,2.0156,0.6304,2.7447,208.848007,11.4708996,2.8083999,1.5531,3.3183999,8.6913004,208.975998,13.5707998,2.8691199,6.8463998,2.9797001,35.8748016,208.667007,201.6277627,188.7375782,174.6,179.3846154,170.1278333
4260740.18,530129.279,RT,200,64,199.952271,229,229,229,8.9287004,2.7907,0.0968,5.3758998,8.7566004,227.867004,9.3765001,2.7458301,0.4476,2.8721001,14.0383997,227.904007,10.4210997,3.03335,0.0877,3.5555,33.7349014,228.104004,12.2581997,4.7186999,6.3376999,4.0984998,46.0400009,228.179993,187.4542996,192.2210612,195.5833333,179.3846154,190.5881667
4261592.83,531439.741,RT,200,64,199.434998,229,229,229,7.4449,3.3913,0.028,6.0012002,8.3023996,246.615006,8.1212997,4.3410702,0.1907,2.7493,11.9302998,246.516007,9.7835999,5.2738299,0.0344,3.7918,24.5125999,245.891007,11.5834999,2.4595201,0.0173,5.4789,52.2184982,244.179993,193.1851362,179.7002076,174.6,167.0769231,192.8738333
4261467.33,531031.984,RT,155,64,195.829498,229,229,229,8.8458004,3.2211001,0.2651,3.7948,4.1894999,238.257996,9.6061001,2.8345699,1.5775,2.8740001,8.0255003,238.363007,11.0417995,2.3392701,0.4653,2.6515,28.7476006,238.365997,12.9445,1.80942,0.2021,4.5946002,47.4569016,238.845001,177.0984234,174.2630383,176.6666667,167.0769231,166.5498333
4261620.79,531389.172,RT,200,64,191.548431,229,229,229,6.9833999,5.2347999,0.0666,5.9377999,8.7656002,246.787003,8.0522003,4.8965201,0.2215,3.0253999,12.3151999,246.628006,9.6201,3.4715199,0.0103,3.8317001,26.5184002,246.104996,12.7591,0.407229,4.5661001,5.7378998,52.3546982,244.121002,187.6533918,207.150825,195.5833333,179.3846154,188.5566667
4262672.39,527987.572,RT,200,64,134.8815,229,229,229,7.4603,8.2687998,0.2186,0.0527,4.4776001,211.531998,8.3097,7.3678398,0.6532,0.2463,5.9282999,211.727005,9.8191004,4.3964,2.7944,1.8605,14.5809002,212.397003,12.0691004,2.9742301,6.1022,1.0832,33.1217003,211.951996,126.8125316,168.7137435,176.6666667,179.3846154,168.9261667
4261505.1,526658.088,RT,190,74,189.398666,71,80,76,8.7993002,5.0643001,0.2115,0.067,3.7327001,202.013001,9.3295002,5.34937,1.1402,0.2519,6.3986001,202.100998,10.2957001,6.43958,0.2276,0.7356,21.0739002,202.968002,11.5698996,4.87146,5.2716999,1.8594,30.1802006,205.421005,135.3540464,167.6572065,136.375,179.3846154,168.1103333
4257578.79,524005.154,RT,80,74,200.129807,71,80,76,8.0319004,2.4805,0.0172,2.9123001,11.2117004,174.156006,8.7574997,3.71175,0.1639,1.885,12.7075996,174.145996,9.6760998,7.9429798,0.0702,0.8832,19.1900005,173.524994,11.7944002,8.4264803,0.1171,1.654,21.6000004,171.184006,159.2081336,134.7632763,136.375,167.0769231,120.7761667
4257314.2,523386.027,RT,175,137,144.446259,155,181,165,6.5207,9.4782,0.0211,2.9575,13.5802002,176.378006,7.9018998,6.9215398,0.192,1.8195,14.8577995,176.044998,9.4877996,5.9124498,0.004,1.049,21.7546005,176.104004,11.3621998,5.8255401,0.0466,0.8858,24.8659992,174.173996,140.2286602,133.1957854,136.375,121.95,150.8898333
4257195.14,522661.068,RT,192,81,200.699722,201,178,152,8.2375002,1.5101,0.0253,3.9215,18.4482994,176.044006,8.8973999,1.33487,0.2194,2.9517,18.6947002,176.091995,10.7486,1.07836,0.012,1.9888,27.0767994,176.167999,11.2413998,5.9612098,0.0086,1.3186001,27.6543007,175.817993,160.924785,136.4768297,195.5833333,167.0769231,171.5478333
4257105.01,522078.84,RT,200,81,196.821671,201,178,152,7.6145,4.6933999,0.0422,3.9500999,8.2517004,156.561997,8.2992001,5.70327,0.2318,1.6473,8.6345997,156.434006,9.8383999,5.8312502,0.168,1.7958,8.8664999,156.434006,11.5206003,3.62765,6.9415998,1.9581,8.6006002,156.141007,169.2620461,178.7822441,174.6,179.3846154,183.272
4259132.02,522839.419,RT,115,81,102.686729,201,178,152,6.8764,9.9526997,0.0443,4.9766998,24.3024006,225.414002,7.6829,8.5571003,0.1908,1.3317,29.0046005,225.744995,9.8577995,2.9489999,0.0067,3.4022,49.1982994,226.563995,11.8238001,3.68261,0.0117,2.7019,69.3504028,226.751999,143.8029238,153.159149,100.1875,167.0769231,128.7125
4259878.02,523099.061,RT,120,81,111.686935,201,178,152,8.6709995,9.2664003,0.2088,1.2016,16.5275993,209.891007,9.2376003,9.2597599,0.6387,0.1616,19.7768002,210.203003,10.0146999,8.9018097,0.1371,0.8951,30.4776001,209.828995,11.2427998,11.2035999,0.0041,0.9745,49.1495018,209.755997,118.2814932,122.6187713,136.375,167.0769231,132.8618333
4259688.96,524633.744,RT,190,79,200.498733,188,174,188,7.6675,2.2004001,0.0351,4.4200001,23.2987003,221.873001,8.5334997,2.0244,0.1638,2.9907999,30.5804005,221.925995,10.3654003,1.47566,0.0108,2.7607,45.3688011,221.727997,11.7687998,6.97786,0.0061,1.7793,57.2840004,221.061005,157.2047077,138.3363637,195.5833333,167.0769231,185.9333333
4259924.44,524535.848,RT,185,79,191.262299,188,174,188,8.0348997,4.493,0.0967,3.5214,17.3547993,220.320007,8.5908003,5.9391699,0.5573,0.5648,23.1086998,220.154007,10.2302999,7.22435,0.2473,0.6599,39.3235016,220.154007,11.3022003,12.3987999,0.2148,0.3407,50.4626007,217.306,151.6828247,115.6393183,176.6666667,121.95,170.0401667
4260371.95,528145.467,RT,200,76,200.290527,229,229,229,7.9703002,2.6406,0.0489,4.9858999,8.9207001,208.615006,8.8441,2.72614,0.5946,3.9821999,17.3995991,208.520996,10.7096004,2.6516099,0.0895,2.9902999,35.6817017,208.505997,12.2510996,2.8691599,4.1086001,1.9881999,42.7616005,207.636993,183.5485845,167.5601893,195.5833333,179.3846154,191.8228333
4256949.99,526144.95,RT,145,137,188.382477,155,181,165,7.2707,6.8105001,0.1088,3.8652999,15.0790005,211.138001,8.1985998,5.1560702,0.2493,1.9417,18.2879009,211.335007,9.9588003,7.9166498,0.1502,1.676,28.0596008,210.432999,11.2707996,5.0071902,0.0091,1.5567,38.2258987,211.75,153.3557783,140.5125917,136.375,167.0769231,149.0111667
4256946.38,526297.51,RT,182,74,150.730362,71,80,76,6.8579001,8.3291998,0.0407,2.2658999,4.1327,197.197006,7.8551998,8.40028,0.2072,0.6855,5.9679999,197.304993,10.8128004,7.59763,0.5166,0.3378,13.8771,195.876999,12.3304996,7.51718,0.7601,0.132,20.8530006,195.876999,149.8962584,126.4679648,136.375,121.95,164.4865
4256931.28,526293.98,RT,170,74,183.233536,134,111,102,7.1830001,6.8506999,0.02,2.5676999,4.3920002,197.332993,7.9840999,7.4571199,0.1647,1.1467,5.5632,197.070007,10.0718002,8.2450504,0.2502,0.644,13.6367998,196.453995,12.3304996,7.51718,0.7601,0.132,20.8530006,195.876999,155.962236,126.4679648,136.375,121.95,166.1155
4257081.27,526474.362,SS,86,86,92.086349,109,125,105,7.3218999,19.1075993,0.0705,0.1082,10.5506001,188.050995,7.9671998,19.7705002,0.0107,0.0038,10.8649998,188.643997,8.8550997,28.2224007,0.0011,0.0002,11.0151997,186.779007,12.5974998,6.1308498,2.5580001,0.0212,8.3170996,186.809006,93.66435818,136.6691238,100.1875,88.3,91.94583333
4256175.7,530018.445,SS,105,137,92.687592,134,111,102,8.0951004,14.3064003,0.1359,0.0738,20.1315994,202.610001,8.3247995,21.2754002,0.0016,0.0009,19.9480991,202.143997,8.9823999,25.3029003,0.0003,0.0027,20.9972992,202.981995,10.9825001,15.5278997,0.0589,0.1538,27.2140999,203.966995,89.86479383,106.8213198,100.1875,121.95,98.59183333
4256742.36,530687.313,SS,63,61,92.841629,122,77,77,7.3231001,15.8610001,0.052,0.2117,4.006,201.856003,8.3386002,15.1068001,0.0746,0.0808,3.9219,201.955002,10.8132,13.6316004,0.0623,0.2502,12.5384998,202.684998,11.6821003,10.4898996,0.6659,0.1207,8.2751999,198.199997,111.9046028,119.7747557,100.1875,88.3,79.47716667
4257816.65,530893.688,SS,160,64,102.280258,229,229,229,8.2929001,7.0114999,0.2465,5.5794001,2.1633,220.085007,8.9799995,7.2620602,0.7501,0.1617,3.6314001,220.089005,10.1705999,6.53583,0.5815,3.6754999,10.3530998,220.576996,12.2896996,1.51535,6.6079998,4.4421,33.5287018,222.235992,189.8313359,203.0732473,174.6,179.3846154,161.3485
4257776.58,532730.388,SS,104,137,93.562561,122,77,77,8.1239996,11.7537003,0.113,0.0987,3.2543001,236.899002,8.7007999,12.7307997,0.3688,0.0799,3.9574001,237.029007,9.8288002,13.7441998,0.1627,0.1206,11.6574001,236.529999,12.6834002,5.4191899,0.9493,0.0045,33.1632996,232.703995,121.2010776,130.5872904,100.1875,112.6923077,112.5671667
4258610.36,531125.417,SS,101,127,92.027184,109,125,105,8.3158998,20.6564999,0.0782,0.0856,4.7958002,207.865006,8.9651003,20.2905006,0.0297,0.0011,11.0717001,208.533005,11.1821003,16.6765003,0.4709,0.0006,19.5723991,206.828995,12.7516003,13.6630001,0.1847,0.2108,30.530899,211.281998,98.53499971,111.7585862,100.1875,121.95,103.1226667
4256589.85,529135.76,SS,140,127,92.756233,134,111,102,7.3241,17.1142006,0.0652,0.1339,4.0713,174.214996,8.1147003,16.3332005,0.0305,0.0539,4.4815998,173.873001,9.4735003,16.5298004,0.0277,0.024,3.8359001,172.164993,13.4315004,10.0541,0.9303,0.0075,1.023,168.110001,108.1620504,120.9188482,100.1875,140.5384615,115.5658333
4257728.02,528891.123,SS,80,137,92.206337,134,111,102,7.3740001,13.2874002,0.1426,0.0754,3.6338999,193.151993,8.0422001,13.6115999,0.5476,0.0361,4.5544,193.294998,11.9623003,9.3437901,0.8368,0.0463,17.9923,191.432007,11.2600002,15.5523005,0.255,0.0277,30.8913002,193.862,116.9096435,106.5854401,100.1875,88.3,90.83816667
4258008.47,528708.56,SS,70,61,92.875397,122,77,77,7.4059,13.6844997,0.0764,1.1313,9.2192001,173.975006,8.2863998,12.4510002,0.1837,0.2299,9.4078999,174.222,9.5972996,13.9661999,0.03,0.1639,9.7110996,174.222,15.1028004,10.4832001,0.7218,0.033,8.5407,168.098007,118.4727983,119.2889085,100.1875,88.3,85.942
4258579.98,528658.289,SS,105,137,92.977989,134,111,102,7.3120999,14.0615997,0.078,0.1859,10.5323,176.244995,8.1756001,13.6969995,0.182,0.0962,12.6085997,176.003006,9.4497004,16.3262997,0.0163,0.0826,13.2714996,176.225006,11.0846004,14.8621998,0.0235,0.508,15.4279003,176.225006,105.9507324,111.0966136,100.1875,121.95,99.8535
4258831.33,527835.433,SS,118,61,69.565308,122,77,77,7.4482002,32.3638,0.0171,0.06,1.0880001,167.106995,8.0997,26.968399,0.0004,0.0001,2.3283999,166.925003,9.2919998,22.8680992,0.026,0.0001,4.6479998,168.548996,14.8133001,5.94978,0.9162,0.0123,7.7497001,165.313995,77.23386298,129.4023685,100.1875,112.6923077,117.0208333
4260893.64,530680.99,SS,126,137,93.647743,134,111,102,7.8842001,12.7382002,0.1258,0.0871,10.1863003,231.658005,8.6836996,12.6894999,0.5372,0.0447,21.3941994,231.630005,9.9104004,12.7755003,0.4416,0.0883,38.6435013,230.852005,11.6500998,9.6374903,0.1532,0.7618,42.7729988,231.074997,108.4615696,124.715165,100.1875,121.95,113.5545
4261076.21,530919.115,SS,60,137,92.483017,134,111,102,7.7360001,18.0937004,0.0956,0.09,17.3568993,230.934998,8.4726,17.1933002,0.0924,0.0114,21.7621002,231.397995,9.7182999,19.1588993,0.0238,0.0019,32.7839012,229.815994,11.0085001,13.4771996,0.0347,0.5976,44.2391014,234.783005,85.58476162,114.7926381,100.1875,121.95,84.07783333
4260708.43,530903.24,SS,83,61,91.358063,122,77,77,6.7349,24.7367992,0.0251,0.1429,4.0799999,196.158997,7.6599998,22.4783001,0.0013,0.0021,4.2916999,195.485001,9.3871002,18.9487,0.013,0.0089,7.3913002,195.641007,11.4604998,15.9799004,0.2114,0.0021,14.5522003,203.160004,90.926791,105.2771857,100.1875,112.6923077,97.2875
4262681.2,530272.407,SS,120,64,95.442093,134,111,102,8.1300001,11.1154003,0.0913,0.1763,11.4130001,223.820999,8.6970997,12.1091003,0.1697,0.1942,14.2358999,224.009995,9.9090004,14.6241999,0.1705,0.0624,16.5429993,222.921997,11.4771004,12.3044004,0.0408,0.5726,31.1963997,223.126999,111.225171,117.0357304,100.1875,121.95,111.6946667
4261629.93,529448.075,SS,140,61,69.046631,122,77,77,7.2261,24.0270004,0.0375,0.1075,1.3164999,187.255997,9.6111002,22.0007,0.0067,0.0025,0.8907,186.485992,10.8873997,22.0720997,0.003,0.0013,12.5707998,189.763001,11.9162998,18.8311996,0.0231,0.02,13.2535,189.763001,96.31569349,98.65419435,100.1875,112.6923077,126.7761667
4262349.6,528527.323,SS,110,61,91.988297,122,77,77,6.9822998,25.3318996,0.0273,0.1207,9.3223,192.914002,7.7233,24.7518005,0.0006,0.0007,8.7615004,192.192001,9.3312998,19.8831997,0.0098,0.0157,9.4400997,192.410004,13.5132999,12.6696997,0.2627,0.2877,20.2392998,198.311997,81.4942501,114.8408708,100.1875,121.95,110.5268333
4261428.13,528222.874,SS,97,61,69.485123,122,77,77,7.4362001,23.3511009,0.091,0.0571,0.7657,168.186005,8.3037996,20.0799999,0.0257,0.0038,1.1086,168.570999,10.1363001,13.4245996,0.3348,0.1028,2.0127001,168.570999,12.1967001,10.7652998,0.8075,0.0409,7.1036,174.276001,98.15905811,119.1673126,100.1875,88.3,105.9563333
4261089.7,527377.756,SS,112,86,84.939606,71,80,76,7.8706999,14.2656002,0.0915,0.1066,1.4122,172.589996,8.4534998,17.8335991,0.0299,0.0099,1.8487999,172.078995,9.0757999,27.8747005,0.0002,0.0004,6.1293001,175.061997,12.0450001,13.5723,0.5757,0.0064,8.2222996,175.061997,118.3358922,111.9832092,100.1875,112.6923077,106.3443333
4261229.93,526917.381,SS,90,86,92.928078,71,80,76,7.6501002,14.0003996,0.0637,0.2114,7.5358,188.276993,8.2175999,16.7614994,0.0255,0.0421,7.1813998,187.835999,9.3304005,21.4843998,0.0363,0.006,7.8276,185.369995,15.3333998,1.22068,3.3836999,0.0115,4.9404001,176.434006,110.8401423,150.5674115,100.1875,112.6923077,88.482
4257904.23,524113.633,SS,80,74,88.477371,71,80,76,7.8729,13.3178997,0.0956,0.1529,2.3887,153.503998,8.2393999,14.5024004,0.1698,0.1064,2.2386,153.050003,13.1626997,10.1976995,0.4047,0.3423,1.7707,151.666,16.2621994,3.6018,6.9650998,0.0374,0.0166,149.576996,119.5007316,162.3583413,100.1875,179.3846154,93.52133333
4257319.5,523468.048,SS,86,74,96.465096,71,80,76,7.5482998,10.9130001,0.1046,0.5561,7.5812998,170.037003,8.4961996,10.7431002,0.4492,0.2024,9.1293001,170.179001,9.7618999,9.41889,0.1367,0.7189,16.4927006,171.231003,11.3621998,5.8255401,0.0466,0.8858,24.8659992,174.173996,121.3210664,133.1957854,100.1875,121.95,93.12983333
4258555.64,523715.724,SS,85,74,94.128586,71,80,76,8.1668997,12.5858002,0.1008,0.1784,9.5031996,162.919006,8.8788004,11.6297998,0.3979,0.1308,10.5227003,163.278,9.8664999,11.8569002,0.1242,0.4929,9.4091997,161.826004,11.5459003,8.9407301,0.0686,0.8915,14.1343002,165.598007,110.7676449,126.8895117,100.1875,121.95,94.531
4258975.91,523405.628,SS,70,74,92.351547,71,80,76,7.7669001,18.2486,0.0954,0.09,11.6229,181.266007,8.5745001,17.4151001,0.0678,0.019,12.2158003,181.882004,9.7233,15.441,0.0208,0.1768,17.5016003,182.427994,12.1802998,12.1008997,0.4388,0.1279,21.8152008,177.151993,93.82252771,115.4513549,100.1875,88.3,83.00783333
4259346.21,523633.521,SS,110,81,87.530334,201,178,152,7.4232001,12.6873999,0.1009,0.1093,2.513,163.968994,8.4703999,12.1107998,0.4159,0.1138,2.2697001,163.587997,12.0987997,8.6301899,0.8687,0.0404,1.4151,163.242996,12.257,5.5809798,2.7012,0.2477,5.9624,166.007004,120.2994204,140.4245778,100.1875,121.95,106.5593333
4259465.27,523276.332,SS,92,86,97.971123,71,80,76,7.6166,11.8855,0.0174,1.0725,9.6568003,179.309006,8.3814001,14.3873997,0.0505,0.2042,9.5931997,179.292007,9.8760004,14.7643003,0.103,0.1193,10.3248997,180.175995,11.5431004,11.0490999,0.6613,0.0634,16.9122009,176.766998,121.3004486,118.0997015,100.1875,88.3,96.02283333
4258569.92,527559.056,SS,100,74,91.56633,71,80,76,7.5956001,22.1100998,0.0505,0.1065,3.8016,161.832993,8.3512001,20.9484997,0.0074,0.0025,3.8357999,161.585999,9.7542,19.8120003,0.0091,0.0103,5.3708,162.820007,11.5237999,14.2270002,0.364,0.0439,7.2558999,162.820007,96.93691248,109.9745454,100.1875,88.3,107.4843333
4260231.72,527648.049,SS,123,86,92.202789,71,80,76,7.2514,19.0247002,0.0579,0.1386,8.2571001,169.296997,7.8520002,20.4207001,0.0045,0.0072,7.7428002,168.671005,9.0843,22.5251999,0.0024,0.0052,9.2784004,169.268997,14.8432999,6.6686401,0.4878,0.0877,3.9642,162.899994,97.60021934,126.589471,100.1875,88.3,113.6941667
4256252.43,529965.528,SS,137,201,74.880493,119,112,126,7.9190998,22.1520004,0.0448,0.106,1.4054,178.391998,8.4264002,25.9239006,0.0006,0.0002,1.7974,178.893005,9.6828003,21.3118,0.0086,0.0028,4.4868999,182.113998,11.1759005,15.0150995,0.6838,0.0089,10.5670004,187.216003,100.4261505,109.5124116,100.1875,112.6923077,127.8633333
4258166.57,525547.426,SS,102,86,95.940422,71,80,76,10.0354004,9.7103004,0.1571,0.0771,0,152.917999,9.5656996,8.0285702,0.8243,0.0667,0,152.667007,10.1294003,21.0571995,0.015,0.0006,0,154.412003,13.3569002,11.6007004,0.2926,0.118,10.7898998,163.320007,130.4960179,115.72896,100.1875,88.3,121.437
4260260.3,524966.227,SS,110,86,92.707024,71,80,76,7.4454002,13.0127001,0.1001,0.1097,3.0191,184.720001,8.3094997,12.5869999,0.2336,0.161,2.9741001,184.641007,10.0458002,10.7117004,0.3723,0.2718,4.8807001,185.343994,12.6826,7.33253,1.6950001,0.0116,18.7022991,187.847,118.8064666,130.1189034,100.1875,112.6923077,103.8766667
4256894,526187,SS,86,74,92.857636,71,80,76,7.4829001,14.5310001,0.0835,0.1254,9.3344002,205.414002,8.2194004,14.4870005,0.1494,0.0775,11.9940004,205.882996,9.6059999,13.6218004,0.1074,0.2926,22.4449997,205.882996,12.3142004,7.9128599,0.3598,0.4654,25.6753998,200.406006,106.0583289,126.6823057,100.1875,121.95,90.75216667
